,addresses,conv,long,lat
1,"150 W Juana Ave San Leandro, CA 94577 ","150 W Juana Ave, San Leandro, CA 94577",-122.1552926,37.7237931
2,"Piedmont Ave, North Oakland 4001B Piedmont Ave Oakland, CA 94611 ","Piedmont Ave, North Oakland, 4001B Piedmont Ave, Oakland, CA 94611",-122.2533676,37.8258587
3,"East Oakland 8711 Macarthur Blvd Oakland, CA 94605 ","East Oakland, 8711 Macarthur Blvd, Oakland, CA 94605",-122.1633355,37.758108
4,"Uptown Oakland, CA 94612 ","Uptown, Oakland, CA 94612",-122.2731869,37.8092023
5,"Downtown Oakland 595 15th St Oakland, CA 94612 ","Downtown Oakland, 595 15th St, Oakland, CA 94612",-122.2741092,37.8061899
6,"3288 Pierce St Richmond, CA 94804 ","3288 Pierce St, Richmond, CA 94804",-122.308133,37.8988689
7,Located in Pacific East Mall ,"Pacific East Mall, Albany, NY",-122.3075841,37.8988707
8,"Downtown 1113 4th St NW Albuquerque, NM 87102 ","Downtown, 1113 4th St NW, Albuquerque, NM 87102",-106.6499235,35.0955498
9,"Business Parkway/Academy Acres 7600 Jefferson St NE Albuquerque, NM 87109 ","7600 Jefferson St NE, Albuquerque, NM 87109",-106.5910492,35.1656394
10,"Business Parkway/Academy Acres 7501 Paseo Del Norte Blvd NE Albuquerque, NM 87113 ","Business Parkway/Academy Acres, 7501 Paseo Del Norte Blvd NE, Albuquerque, NM 87113",-106.5619233,35.1749351
11,"Old Town 1828 Central Ave SW Albuquerque, NM 87104 ","Old Town, 1828 Central Ave SW, Albuquerque, NM 87104",-106.6677042,35.092208
12,"North Valley/Los Ranchos 1050 Rio Grande Blvd NW Albuquerque, NM 87104 ","North Valley/Los Ranchos, 1050 Rio Grande Blvd NW, Albuquerque, NM 87104",-106.6705461,35.1062558
13,"Pentagon City 1235 14th Rd S Arlington, VA 22202 ","Pentagon City, 1235 14th Rd S, Arlington, VA 22202",-77.0511169,38.8617256
14,"Del Ray 1603 Commonwealth Ave Alexandria, VA 22301 ","Del Ray, 1603 Commonwealth Ave, Alexandria, VA 22301",-77.0628451,38.8202534
15,"600 14th St NW Washington, DC 20005 ","600 14th St NW, Washington, DC 20005",-77.0322736,38.8976548
16,"Ballston 4000 Wilson Blvd Arlington, VA 22203 ","Ballston, 4000 Wilson Blvd, Arlington, VA 22203",-77.1079069,38.8795267
17,"101 Constitution Ave NW Washington, DC 20001 ","101 Constitution Ave NW, Washington, DC 20001",-77.0131212,38.8926816
18,"1100 W Commonwealth Ave Alhambra, CA 91803 ","1100 W Commonwealth Ave, Alhambra, CA 91803",-118.1352634,34.0870301
19,"Pasadena 975 N Michillinda Ave Pasadena, CA 91107 ","975 N Michillinda Ave, Pasadena, CA 91107",-118.0683048,34.1628816
20,"Pasadena 6501 Foothill Pasadena, CA 91103 ","Pasadena, 6501 Foothill, Pasadena, CA 91103",-118.0679559,34.1503557
21,"111 N Atlantic Blvd Monterey Park, CA 91754 ","111 N Atlantic Blvd, Monterey Park, CA 91754",-118.1346691,34.0629511
22,"Highland Park 5611 N Figueroa St Los Angeles, CA 90042 ","5611 N Figueroa St, Los Angeles, CA 90042",-118.1938493,34.1092804
23,"10450 Beach Blvd Stanton, CA 90680 ","10450 Beach Blvd, Stanton, CA 90680",-117.9927614,33.8110248
24,"12432 Lampson Ave Garden Grove, CA 92840 ","12432 Lampson Ave, Garden Grove, CA 92840",-117.9158175,33.7812905
25,"880 W Lincoln Ave Anaheim, CA 92805 ","880 W Lincoln Ave, Anaheim, CA 92805",-117.9240763,33.8327462
26,"13011 Newport Ave Tustin, CA 92780 ","13011 Newport Ave, Tustin, CA 92780",-117.8118507,33.749921
27,"3070 W Chapman Ave Orange, CA 92868 ","3070 W Chapman Ave, Orange, CA 92868",-117.8849402,33.7877635
28,"South University Ann Arbor 1300 S University Ave Ann Arbor, MI 48104 ","South University Ann Arbor, 1300 S University Ave, Ann Arbor, MI 48104",-83.732877,42.274597
29,"5910 Jackson Rd Ann Arbor, MI 48103 ","5910 Jackson Rd, Ann Arbor, MI 48103",-83.8466213,42.2903279
30,"5183 Lee Hwy Arlington, VA 22207 ","5183 Lee Hwy, Arlington, VA 22207",-77.1333486,38.8966556
31,"804 V St NW Washington, DC 20001 ","804 V St NW, Washington, DC 20001",-77.0232207,38.9176536
32,"Crystal City 2250-A Crystal Dr Arlington, VA 22202 ","Crystal City, 2250-A Crystal Dr, Arlington, VA 22202",-77.049728,38.8535285
33,"Georgetown 1210 Potomac St NW Washington, DC 20007 ","Georgetown, 1210 Potomac St NW, Washington, DC 20007",-77.0654396,38.9045318
34,"Dupont Circle, Downtown 1815 M St NW Washington, DC 20036 ","Dupont Circle, Downtown, 1815 M St NW, Washington, DC 20036",-77.042393,38.9059219
35,"1937 Piedmont Cir NE Atlanta, GA 30324 ","1937 Piedmont Cir NE, Atlanta, GA 30324",-84.3674715,33.8103934
36,"Piedmont Ave Atlanta, GA 30309","Piedmont Ave, Atlanta, GA 303",-84.3821035,33.7627542
37,"Buckhead 30 Old Ivy Rd Atlanta, GA 30342 ","Buckhead, 30 Old Ivy Rd, Atlanta, GA 30342",-84.3816795,33.8546943
38,"2168 Briarcliff Rd NE Atlanta, GA 30329 ","2168 Briarcliff Rd NE, Atlanta, GA 30329",-84.3356766,33.8168451
39,"Buckhead 3420 Piedmont Rd NE Atlanta, GA 30305 ","3420 Piedmont Rd NE, Atlanta, GA 30305",-84.3740216,33.8480158
40,East Austin Located in The Liberty ,"East Austin, Located in The Liberty",-97.7250785,30.2627037
41,"Rosedale 5000 Burnet Rd Austin, TX 78756 ","Rosedale, 5000 Burnet Rd, Austin, TX 78756",-97.7395166,30.3211772
42,"8212 Barton Club Dr Austin, TX 78798 ","8212 Barton Club Dr, Austin, TX 78798",-97.858809,30.2911543
43,"Warehouse District, Downtown 401 W 2nd St Austin, TX 78701 ","Warehouse District, Downtown, 401 W 2nd St, Austin, TX 78701",-97.7479317,30.2651604
44,"Crestview 7101-A Woodrow Ave Austin, TX 78757 ","Crestview, 7101-A Woodrow Ave, Austin, TX 78757",-97.7253641,30.3421983
45,"Woodmere 5421 Reisterstown Rd Baltimore, MD 21215 ","Woodmere, 5421 Reisterstown Rd, Baltimore, MD 21215",-76.6888536,39.3470791
46,"Inner Harbor 600 E Pratt St Baltimore, MD 21202 ","Inner Harbor, 600 E Pratt St, Baltimore, MD 21202",-76.6073376,39.2871917
47,"Little Italy 901 Fawn St Baltimore, MD 21202 ","Little Italy, 901 Fawn St, Baltimore, MD 21202",-76.6015957,39.286191
48,"Remington 300 W 30th St Baltimore, MD 21211 ","Remington, 300 W 30th St, Baltimore, MD 21211",-76.6231041,39.3232121
49,"Midtown Belvedere 1212 Cathedral St Baltimore, MD 21201 ","Midtown Belvedere, 1212 Cathedral St, Baltimore, MD 21201",-76.6190059,39.3039779
50,"White Center 9602 16th Ave SW Seattle, WA 98106 ","White Center, 9602 16th Ave SW, Seattle, WA 98106",-122.3548596,47.5171809
51,"Central District 1315 E Jefferson St Seattle, WA 98122 ","Central District, 1315 E Jefferson St, Seattle, WA 98122",-122.3146521,47.6060862
52,Located in Evans Plaza ,"Evans Plaza, Bellevue, CA",-122.0815889,47.6636813
53,"Pioneer Square 116 1st Ave S Seattle, WA 98104 ","Pioneer Square, 116 1st Ave S, Seattle, WA 98104",-122.3339511,47.6011216
54,"Belltown 2505 2nd Ave Seattle, WA 98121 ","Belltown, 2505 2nd Ave, Seattle, WA 98121",-122.3483338,47.615332
55,"1125 Old Country Rd San Carlos, CA 94070 ","1125 Old Country Rd, San Carlos, CA 94070",-122.2499209,37.5011512
56,"270 Redwood Shores Pkwy Redwood City, CA 94065 ","270 Redwood Shores Pkwy, Redwood City, CA 94065",-122.2517406,37.5233041
57,"39TH Ave San Mateo, CA 94403 ","39TH Ave, San Mateo, CA 94403",-122.300339,37.529725
58,"Piedmont Ave, North Oakland 4151 Piedmont Ave Oakland, CA 94611 ","Piedmont Ave, North Oakland, 4151 Piedmont Ave, Oakland, CA 94611",-122.2516988,37.8271294
59,"357 Grand Ave Oakland, CA 94610 ","357 Grand Ave, Oakland, CA 94610",-122.2558219,37.8086907
60,"Lakeshore, Lower Hills 3265 Lakeshore Ave Oakland, CA 94610 ","Lakeshore, Lower Hills, 3265 Lakeshore Ave, Oakland, CA 94610",-122.2448403,37.8106473
61,"Downtown Berkeley 2136 Center St Berkeley, CA 94704 ","Downtown Berkeley, 2136 Center St, Berkeley, CA 94704",-122.2668303,37.870289
62,"2507 Hearst Ave Berkeley, CA 94709 ","2507 Hearst Ave, Berkeley, CA 94709",-122.259701,37.8752954
63,"9689 Santa Monica Blvd Beverly Hills, CA 90210 ","9689 Santa Monica Blvd, Beverly Hills, CA 90210",-118.4064658,34.0697607
64,"Hollywood 6363 Yucca St Los Angeles, CA 90028 ","Hollywood, 6363 Yucca St, Los Angeles, CA 90028",-118.3287271,34.1041445
65,"9360 Wilshire Blvd Beverly Hills, CA 90212 ","9360 Wilshire Blvd, Beverly Hills, CA 90212",-118.3960912,34.0666779
66,"Sherman Oaks 14141 Ventura Blvd Sherman Oaks, CA 91423 ","Sherman Oaks, 14141 Ventura Blvd, Sherman Oaks, CA 91423",-118.44127,34.1500369
67,"9346 Civic Ctr Dr Beverly Hills, CA 90210 ","9346 Civic Ctr Dr, Beverly Hills, CA 90210",-118.3979459,34.074297
68,"47080 Hwy 1 Big Sur, CA 93920 ","47080 Hwy 1, Big Sur, CA 93920",-121.8006859,36.2636099
69,"402 E 4th St Bloomington, IN 47408 ","402 E 4th St, Bloomington, IN 47408",-86.52956,39.165326
70,"722 N Benjamin Ln Boise, ID 83704 ","722 N Benjamin Ln, Boise, ID 83704",-116.287853,43.6116187
71,"10689 W Ustick Rd Boise, ID 83713 ","10689 W Ustick Rd, Boise, ID 83713",-116.3154566,43.633489
72,"1530 S Millennium Way Meridian, ID 83642 ","1530 S Millennium Way, Meridian, ID 83642",-116.3673883,43.5908855
73,"24th & Fairview Ave Boise, ID 83702 ","24th & Fairview Ave, Boise, ID 83702",-107.351264,34.212188
74,"7135 W State St Boise, ID 84714 ","7135 W State St, Boise, ID 84714",-116.2783902,43.6674854
75,"737 Huntington Ave Boston, MA 02115 ","737 Huntington Ave, Boston, MA 02115",-71.1054561,42.334035
76,"Downtown 49 Franklin St Boston, MA 02110 ","49 Franklin St, Boston, MA 02110",-71.0588535,42.3554152
77,"Back Bay 800 Boylston St Boston, MA 02199 ","Back Bay, 800 Boylston St, Boston, MA 02199",-71.0819042,42.3473046
78,"Back Bay 131 Dartmouth St Boston, MA 02116 ","Back Bay, 131 Dartmouth St, Boston, MA 02116",-71.075822,42.3478404
79,"Back Bay 66 Hereford St Boston, MA 02115 ","Back Bay, 66 Hereford St, Boston, MA 02115",-71.0854092,42.3485895
80,"North Denver 'burbs Lafayette, CO 80026 ","North Denver 'burbs, Lafayette, CO 80026",-105.0897058,39.9935959
81,"4550 Broadway St Boulder, CO 80304 ","4550 Broadway St, Boulder, CO 80304",-105.2817935,40.0571414
82,"1100 Ken Pratt Blvd Longmont, CO 80501 ","1100 Ken Pratt Blvd, Longmont, CO 80501",-105.1110492,40.1528333
83,"1325 Broadway St Boulder, CO 80302 ","1325 Broadway St, Boulder, CO 80302",-105.2769466,40.0098669
84,"Brookline Village 22 Harvard St Brookline, MA 02445 ","Brookline Village, 22 Harvard St, Brookline, MA 02445",-71.1190662,42.3338326
85,"Kendall Square/MIT 1 Kendall Sq Cambridge, MA 02139 ","Kendall Square/MIT, 1 Kendall Sq, Cambridge, MA 02139",-71.090489,42.3668885
86,"Allston/Brighton 270 Western Ave Allston, MA 02134 ","Allston/Brighton, 270 Western Ave, Allston, MA 02134",-71.1336185,42.363254
87,"185 Crescent St Waltham, MA 02453 ","185 Crescent St, Waltham, MA 02453",-71.2431667,42.3679472
88,"Central Square 912 Massachusetts Ave Cambridge, MA 02139 ","Central Square, 912 Massachusetts Ave, Cambridge, MA 02139",-71.1012683,42.3634426
89,"Crown Heights 638 Park Pl Brooklyn, NY 11238 ","Crown Heights, 638 Park Pl, Brooklyn, NY 11238",-73.9570832,40.6740429
90,"East Williamsburg 251 Bushwick Ave Brooklyn, NY 11206 ","East Williamsburg, 251 Bushwick Ave, Brooklyn, NY 11206",-73.9395412,40.707321
91,"East Village 29 E 2nd St New York, NY 10003 ","East Village, 29 E 2nd St, New York, NY 10003",-73.9907557,40.7249529
92,"Crown Heights 1433 Bedford Ave Brooklyn, NY 11216 ","Crown Heights, 1433 Bedford Ave, Brooklyn, NY 11216",-73.9535933,40.6741265
93,"Bensonhurst 2325 65th St Brooklyn, NY 11204 ","Bensonhurst, 2325 65th St, Brooklyn, NY 11204",-73.9785086,40.6120791
94,"Atwater Village 3216 Glendale Blvd Los Angeles, CA 90039 ","Atwater Village, 3216 Glendale Blvd, Los Angeles, CA 90039",-118.2605596,34.1178323
95,"Burbank 101 N Victory Blvd Burbank, CA 91502 ","Burbank, 101 N Victory Blvd, Burbank, CA 91502",-118.3170171,34.1737119
96,"North Hollywood 4929 Lankershim Blvd North Hollywood, CA 91601 ","North Hollywood, 4929 Lankershim Blvd, North Hollywood, CA 91601",-118.3724075,34.1606009
97,"Glendale 230 N Brand Blvd Glendale, CA 91203 ","Glendale, 230 N Brand Blvd, Glendale, CA 91203",-118.2547452,34.1492438
98,"Hollywood 6510 Hollywood Blvd Los Angeles, CA 90028 ","Hollywood, 6510 Hollywood Blvd, Los Angeles, CA 90028",-118.3316153,34.1013825
99,"580 Shelburne Rd Burlington, VT 05403 ","580 Shelburne Rd, Burlington, VT 05403",-73.2081436,44.4488674
100,"101 Main St Burlington, VT 05401 ","101 Main St, Burlington, VT 05401",-73.2153403,44.475532
101,"Cannonborough 221 Coming St Charleston, SC 29403 ","Cannonborough, 221 Coming St, Charleston, SC 29403",-79.9437313,32.7914667
102,"West Ashley 1729 Sam Rittenberg Blvd Charleston, SC 29407 ","West Ashley, 1729 Sam Rittenberg Blvd, Charleston, SC 29407",-80.0142413,32.8032869
103,"115 Pitt St Mount Pleasant, SC 29464 ","115 Pitt St, Mount Pleasant, SC 29464",-79.8764396,32.7867417
104,"2938 Spruill Ave N Charleston, SC 29405 ","2938 Spruill Ave, N Charleston, SC 29405",-79.9636624,32.8524401
105,"863 Houston Northcutt Blvd Mount Pleasant, SC 29464 ","863 Houston Northcutt Blvd, Mount Pleasant, SC 29464",-79.8881631,32.8033671
106,"Starmount 624 Tyvola Rd 101 Charlotte, NC 28217 ","Starmount, 624 Tyvola Rd 101, Charlotte, NC 28217",-80.8846081,35.163771
107,"South End, Dilworth 235 W Tremont Ave Charlotte, NC 28203","South End, Dilworth, 235 W Tremont Ave, Charlotte, NC 282",-80.8633349,35.2104474
108,"Elizabeth 116 Middleton Dr Charlotte, NC 28207 ","Elizabeth, 116 Middleton Dr, Charlotte, NC 28207",-80.8259036,35.1978365
109,"Uptown 312 S Tryon St Charlotte, NC 28202","Uptown, 312 S Tryon St, Charlotte, NC 282",-80.843798,35.2271
110,"Greektown, West Loop, Near West Side 810 W Jackson Blvd Chicago, IL 60607 ","Greektown, West Loop, Near West Side, 810 W Jackson Blvd, Chicago, IL 60607",-87.6478042,41.8781761
111,"West Town, Wicker Park 2100 W Division St Chicago, IL 60622 ","West Town, Wicker Park, 2100 W Division St, Chicago, IL 60622",-87.6799561,41.9033835
112,"The Loop 125 S Clark St Chicago, IL 60603 ","The Loop, 125 S Clark St, Chicago, IL 60603",-87.6304189,41.8799664
113,"The Loop 120 W Monroe St Chicago, IL 60603 ","The Loop, 120 W Monroe St, Chicago, IL 60603",-87.6316982,41.8808083
114,"Near North Side 59 W Grand Ave Chicago, IL 60654 ","59 W Grand Ave, Chicago, IL 60654",-87.6303992,41.891368
115,"Evanston 2444 Madison Rd Cincinnati, OH 45208 ","Evanston, 2444 Madison Rd, Cincinnati, OH 45208",-84.453549,39.1401366
116,"Downtown 328 E 4th St Cincinnati, OH 45202 ","Downtown, 328 E 4th St, Cincinnati, OH 45202",-84.5065343,39.1010637
117,"2949 Dixie Hwy Crestview Hills, KY 41017 ","2949 Dixie Hwy, Crestview Hills, KY 41017",-84.5814153,39.0249925
118,"Over-the-Rhine 1401 Republic St Cincinnati, OH 45202 ","1401 Republic St, Cincinnati, OH 45202",-84.516153,39.110476
119,"Mt. Adams 1051 Saint Gregory St Cincinnati, OH 45202","Mt. Adams, 1051 Saint Gregory St, Cincinnati, OH 452",-84.4979425,39.1075251
120,"14401 Harvard Ave Cleveland, OH 44128 ","14401 Harvard Ave, Cleveland, OH 44128",-81.5805067,41.4495634
121,"Tremont 2193 Professor Ave Cleveland, OH 44113 ","Tremont, 2193 Professor Ave, Cleveland, OH 44113",-81.6868726,41.4822398
122,"Cascade Crossing 5030 Tiedeman Rd Brooklyn, OH 44144 ","Cascade Crossing, 5030 Tiedeman Rd, Brooklyn, OH 44144",-81.757878,41.423684
123,"Ridge & Memphis 6815 Memphis Ave Cleveland, OH 44144 ","Ridge & Memphis, 6815 Memphis Ave, Cleveland, OH 44144",-4.3559066,55.7562333
124,"Detroit-Shoreway 6605 Detroit Ave Cleveland, OH 44102 ","Detroit-Shoreway, 6605 Detroit Ave, Cleveland, OH 44102",-81.7309905,41.4836822
125,"4860 W Broad St Columbus, OH 43228 ","4860 W Broad St, Columbus, OH 43228",-83.1310508,39.9536969
126,"Easton 4000 Stelzer Rd Columbus, OH 43219 ","4000 Stelzer Rd, Columbus, OH 43219",-82.9098198,40.0554749
127,"2285 W Dublin Granville Rd Worthington, OH 43085 ","2285 W Dublin Granville Rd, Worthington, OH 43085",-83.0509289,40.0896382
128,"University District 1571 N 4th St Columbus, OH 43201 ","1571 N 4th St, Columbus, OH 43201",-82.999269,39.9952383
129,"Olde Towne East 1117 Oak St Columbus, OH 43205 ","Olde Towne East, 1117 Oak St, Columbus, OH 43205",-82.9702963,39.9625178
130,"1841 Willow Pass Rd Concord, CA 94520 ","1841 Willow Pass Rd, Concord, CA 94520",-122.0387483,37.9750108
131,"1 Sunvalley Mall Concord, CA 94520 ","1 Sunvalley Mall, Concord, CA 94520",-122.0610711,37.9678054
132,"1385C N Main St Walnut Creek, CA 94596 ","1385C N Main St, Walnut Creek, CA 94596",-122.0609731,37.898865
133,"700 Benicia Rd Vallejo, CA 94591 ","700 Benicia Rd, Vallejo, CA 94591",-122.2275641,38.0945318
134,"Concord, CA 94518 ","Concord, CA 94518",-122.0212337,37.9461207
135,"3850 Barranca Pkwy Irvine, CA 92606 ","3850 Barranca Pkwy, Irvine, CA 92606",-117.8119786,33.6841737
136,"1534 Adams Ave Costa Mesa, CA 92626 ","1534 Adams Ave, Costa Mesa, CA 92626",-117.9209183,33.6737697
137,"925 W Warner Ave Santa Ana, CA 92707 ","925 W Warner Ave, Santa Ana, CA 92707",-117.8772833,33.7163512
138,"324 W 4th St Santa Ana, CA 92701 ","324 W 4th St, Santa Ana, CA 92701",-117.8706797,33.7477762
139,"6710 W Coast Hwy Newport Beach, CA 92663 ","6710 W Coast Hwy, Newport Beach, CA 92663",-117.9521169,33.6282895
140,"Venice 3205 Washington Blvd Marina del Rey, CA 90292 ","Venice, 3205 Washington Blvd, Marina del Rey, CA 90292",-118.4485738,33.9898443
141,"714 Montana Ave Santa Monica, CA 90403 ","714 Montana Ave, Santa Monica, CA 90403",-118.5013517,34.0270423
142,"Palms 8985 Venice Blvd Los Angeles, CA 90034 ","Palms, 8985 Venice Blvd, Los Angeles, CA 90034",-118.3929563,34.0274795
143,"Culver City 4410 Sepulveda Blvd Culver City, CA 90230 ","Culver City, 4410 Sepulveda Blvd, Culver City, CA 90230",-118.4071046,34.0032711
144,"Culver City 9426 Washington Blvd Culver City, CA 90232 ","Culver City, 9426 Washington Blvd, Culver City, CA 90232",-118.3936994,34.0236381
145,"1655 S De Anza Blvd Cupertino, CA 95014 ","1655 S De Anza Blvd, Cupertino, CA 95014",-122.0329128,37.2946976
146,"357 Castro St Mountain View, CA 94041 ","357 Castro St, Mountain View, CA 94041",-122.0797055,37.3916065
147,"Santa Clara, CA 95014 ","Santa Clara, CA 95014",-122.0723816,37.31317
148,"1241 W El Camino Real Sunnyvale, CA 94086 ","1241 W El Camino Real, Sunnyvale, CA 94086",-122.057104,37.3746289
149,"388 Main St Los Altos, CA 94022 ","388 Main St, Los Altos, CA 94022",-122.1176708,37.3780733
150,"North Dallas 10720 Preston Rd Dallas, TX 75230 ","North Dallas, 10720 Preston Rd, Dallas, TX 75230",-96.8026208,32.8939793
151,"Upper Greenville 5500 Greenville Ave Dallas, TX 75206 ","Upper Greenville, 5500 Greenville Ave, Dallas, TX 75206",-96.7684718,32.8535692
152,"2909 Irving Blvd Dallas, TX 75247 ","2909 Irving Blvd, Dallas, TX 75247",-96.8515003,32.8097932
153,"Lower Greenville 2817 Greenville Ave Dallas, TX 75206 ","Lower Greenville, 2817 Greenville Ave, Dallas, TX 75206",-96.7704079,32.8232899
154,"Downtown 333 S Harwood St Dallas, TX 75201 ","Downtown, 333 S Harwood St, Dallas, TX 75201",-96.7937975,32.7797524
155,"Outer Sunset 2146 Irving St San Francisco, CA 94122 ","Outer Sunset, 2146 Irving St, San Francisco, CA 94122",-122.4811405,37.7635224
156,"Outer Mission, Mission Terrace 296 Ocean Ave San Francisco, CA 94112 ","Outer Mission, Mission Terrace, 296 Ocean Ave, San Francisco, CA 94112",-122.4431792,37.723217
157,"Outer Sunset 3815 Noriega St San Francisco, CA 94122 ","Outer Sunset, 3815 Noriega St, San Francisco, CA 94122",-122.5046597,37.752856
158,"Parkmerced 1600 Holloway Ave San Francisco, CA 94132","Parkmerced, 1600 Holloway Ave, San Francisco, CA 941",-122.481339,37.7210196
159,"1966 Francisco Blvd Pacifica, CA 94044 ","1966 Francisco Blvd, Pacifica, CA 94044",-122.4903065,37.6341918
160,"2710 East 5th St Davis, CA 95618 ","2710 East 5th St, Davis, CA 95618",-121.7183622,38.5517896
161,"Northwest, Highland 3400 Osage St Denver, CO 80211 ","Northwest, Highland, 3400 Osage St, Denver, CO 80211",-105.0051175,39.7646065
162,"Five Points, Northwest 908 30th St Denver, CO 80205 ","Five Points, Northwest, 908 30th St, Denver, CO 80205",-104.9774642,39.7597211
163,"Northwest, Highland 1600 W 33rd Ave Denver, CO 80211 ","Northwest, Highland, 1600 W 33rd Ave, Denver, CO 80211",-105.0055651,39.7630439
164,"Capitol Hill, Southwest 208 E 7th Ave Denver, CO 80203 ","Capitol Hill, Southwest, 208 E 7th Ave, Denver, CO 80203",-104.9844994,39.7270927
165,"Southwest 1380 S Broadway Denver, CO 80210 ","Southwest, 1380 S Broadway, Denver, CO 80210",-104.987101,39.6914491
166,"2100 Michigan Ave Detroit, MI 48216 ","2100 Michigan Ave, Detroit, MI 48216",-83.0754344,42.3315992
167,"Midtown, Cass Corridor 4620 Cass Ave Detroit, MI 48201 ","4620 Cass Ave, Detroit, MI 48201",-83.0648654,42.3535016
168,"15563 Schoolcraft Ave Detroit, MI 48227 ","15563 Schoolcraft Ave, Detroit, MI 48227",-83.1989475,42.3870283
169,"11395 McNichols E Detroit, MI 48234 ","11395 McNichols E, Detroit, MI 48234",-83.0066773,42.4201109
170,"2140 Hilton Rd Ferndale, MI 48220 ","2140 Hilton Rd, Ferndale, MI 48220",-83.1228035,42.46417
171,"5424 Sunol Blvd Pleasanton, CA 94566 ","5424 Sunol Blvd, Pleasanton, CA 94566",-121.8787242,37.6508565
172,"7350 Dublin Blvd Dublin, CA 94568 ","7350 Dublin Blvd, Dublin, CA 94568",-121.9257779,37.7050011
173,"6700 Santa Rita Rd Pleasanton, CA 94588 ","6700 Santa Rita Rd, Pleasanton, CA 94588",-121.8712486,37.6990786
174,"2107 E Hwy 54 Durham, NC 27713 ","2107 E Hwy 54, Durham, NC 27713",-78.8943634,35.9027347
175,"4711 Hope Valley Rd Durham, NC 27707 ","4711 Hope Valley Rd, Durham, NC 27707",-78.9573278,35.9207114
176,Serving Durham and the Surrounding Area ,"Durham, NC",-79.023205,35.850295
177,"2009 Guess Rd Durham, NC 27705 ","2009 Guess Rd, Durham, NC 27705",-78.9181709,36.0224259
178,"Terminal 2 Morrisville, NC 27560","Morrisville, NC 275",-78.8285416,35.8198172
179,"1841 Euclid Ave Berkeley, CA 94709 ","1841 Euclid Ave, Berkeley, CA 94709",-122.259972,37.8755563
180,"5959 Shellmound St Emeryville, CA 94608 ","5959 Shellmound St, Emeryville, CA 94608",-122.2938653,37.8414672
181,"West Berkeley 1255 University Ave Berkeley, CA 94702 ","1255 University Ave, Berkeley, CA 94702",-122.2879176,37.8698603
182,"Uptown 408 22nd St Oakland, CA 94612 ","408 22nd St, Oakland, CA 94612",-122.267295,37.811042
183,"West Berkeley 2517 Sacramento St Berkeley, CA 94702 ","West Berkeley, 2517 Sacramento St, Berkeley, CA 94702",-122.2806258,37.8617429
184,"North Park 6320 N Lincoln Ave Chicago, IL 60659 ","North Park, 6320 N Lincoln Ave, Chicago, IL 60659",-87.7172289,41.9961275
185,"West Rogers Park 2241 W Devon Ave Chicago, IL 60659 ","West Rogers Park, 2241 W Devon Ave, Chicago, IL 60659",-87.6866007,41.9975902
186,"1622 Orrington Ave Evanston, IL 60201 ","1622 Orrington Ave, Evanston, IL 60201",-87.6813119,42.0476061
187,"Edgewater 5938 N Broadway Chicago, IL 60660 ","Edgewater, 5938 N Broadway, Chicago, IL 60660",-87.6605311,41.9902643
188,"Edgewater 1039 W Bryn Mawr Ave Chicago, IL 60660 ","Edgewater, 1039 W Bryn Mawr Ave, Chicago, IL 60660",-87.6570026,41.9835423
189,"Glendale 8402 Cooper Ave Glendale, NY 11385 ","Glendale, 8402 Cooper Ave, Glendale, NY 11385",-73.865172,40.7106206
190,"Downtown Flushing, Flushing 135-02 Roosevelt Ave Flushing, NY 11354 ","135-02 Roosevelt Ave, Flushing, NY 11354",-73.831683,40.7588386
191,"Jamaica 11333 Farmers Blvd Saint Albans, NY 11412 ","Jamaica, 11333 Farmers Blvd, Saint Albans, NY 11412",-73.7621819,40.6985349
192,"Astoria 37-06 30th Ave Astoria, NY 11103 ","Astoria, 37-06 30th Ave, Astoria, NY 11103",-73.9164481,40.7643675
193,"Downtown Flushing, Flushing 133-42 39th Ave Flushing, NY 11354 ","133-42 39th Ave, Flushing, NY 11354",-73.8326682,40.7593849
194,"618 NW 9th Ave Fort Lauderdale, FL 33311 ","618 NW 9th Ave, Fort Lauderdale, FL 33311",-80.153521,26.129765
195,"827 E Oakland Park Blvd Oakland Park, FL 33334 ","827 E Oakland Park Blvd, Oakland Park, FL 33334",-80.1359492,26.1670472
196,"6045 NW 31st Ave Fort Lauderdale, FL 33309 ","6045 NW 31st Ave, Fort Lauderdale, FL 33309",-80.1879681,26.2023559
197,"721 E Las Olas Blvd Fort Lauderdale, FL 33301 ","721 E Las Olas Blvd, Fort Lauderdale, FL 33301",-80.136164,26.119295
198,"2430 NE 13th Ave Wilton Manors, FL 33305 ","2430 NE 13th Ave, Wilton Manors, FL 33305",-80.1299,26.158415
199,"889 Ralston Ave Belmont, CA 94002 ","889 Ralston Ave, Belmont, CA 94002",-122.2764832,37.5197776
200,"1855 S Norfolk St San Mateo, CA 94403 ","1855 S Norfolk St, San Mateo, CA 94403",-122.2929898,37.5559898
201,"196 Ranch Dr Milpitas, CA 95035 ","196 Ranch Dr, Milpitas, CA 95035",-121.920807,37.427985
202,"6016 Stevenson Blvd Fremont, CA 94538 ","6016 Stevenson Blvd, Fremont, CA 94538",-121.9897423,37.5193545
203,"North Valley 1628 Hostetter Rd San Jose, CA 95131 ","North Valley, 1628 Hostetter Rd, San Jose, CA 95131",-121.862142,37.387403
204,"5720 Mowry School Rd Newark, CA 94560 ","5720 Mowry School Rd, Newark, CA 94560",-121.992373,37.52167
205,"3905 SW Archer Rd Gainesville, FL 32608 ","3905 SW Archer Rd, Gainesville, FL 32608",-82.3836423,29.6179963
206,"808 W University Ave Gainesville, FL 32601 ","808 W University Ave, Gainesville, FL 32601",-82.3332565,29.6522448
207,"3625 SW 13th St Gainesville, FL 32608 ","3625 SW 13th St, Gainesville, FL 32608",-82.3396151,29.6192675
208,"Los Feliz 1757 N Vermont Ave Los Angeles, CA 90027 ","Los Feliz, 1757 N Vermont Ave, Los Angeles, CA 90027",-118.2919716,34.1030248
209,"Little Tokyo, Downtown 432 E 2nd St Los Angeles, CA 90012 ","Little Tokyo, Downtown, 432 E 2nd St, Los Angeles, CA 90012",-118.238361,34.046908
210,"Downtown 400 W 8th St Los Angeles, CA 90014 ","Downtown, 400 W 8th St, Los Angeles, CA 90014",-118.2563457,34.0446526
211,"Glendale 902 E Colorado St Glendale, CA 91205 ","Glendale, 902 E Colorado St, Glendale, CA 91205",-118.2440381,34.1424175
212,"Glendale 102 Caruso Ave Glendale, CA 91210 ","Glendale, 102 Caruso Ave, Glendale, CA 91210",-118.2561072,34.1430268
213,"Downtown 800 Main St Hartford, CT 06103 ","Downtown, 800 Main St, Hartford, CT 06103",-72.67337,41.7658113
214,"Downtown 942 Main St Hartford, CT 06103 ","Downtown, 942 Main St, Hartford, CT 06103",-72.672998,41.76806
215,"South Green 297 Washington St Hartford, CT 06106 ","South Green, 297 Washington St, Hartford, CT 06106",-72.6833309,41.7531115
216,"39 New London Tpke Glastonbury, CT 06033 ","39 New London Tpke, Glastonbury, CT 06033",-72.6087258,41.7170776
217,"3015 Hopyard Rd Pleasanton, CA 94588 ","3015 Hopyard Rd, Pleasanton, CA 94588",-121.8974385,37.6770938
218,"24973 Santa Clara St Hayward, CA 94544 ","24973 Santa Clara St, Hayward, CA 94544",-122.090885,37.64938
219,"Old Oakland 827 Washington St Oakland, CA 94607 ","Old Oakland, 827 Washington St, Oakland, CA 94607",-122.2747693,37.8013366
220,"374 Jackson St Hayward, CA 94544 ","374 Jackson St, Hayward, CA 94544",-122.0849207,37.6617789
221,"8937 San Ramon Rd Dublin, CA 94568 ","8937 San Ramon Rd, Dublin, CA 94568",-121.9409725,37.7225003
222,"8931 Brooks Rd S Windsor, CA 95492 ","8931 Brooks Rd S, Windsor, CA 95492",-122.8074776,38.5483746
223,"614 Cooke St Honolulu, HI 96813 ","614 Cooke St, Honolulu, HI 96813",-157.8573045,21.3000449
224,"3446 Waialae Ave Honolulu, HI 96816 ","3446 Waialae Ave, Honolulu, HI 96816",-157.80236,21.284631
225,Located in Hawaii Kai Golf Course ,"Hawaii Kai Golf Course, Honolulu, HI",-157.665388,21.299006
226,"Kalihi 1111 Dillingham Blvd Honolulu, HI 96817 ","Kalihi, 1111 Dillingham Blvd, Honolulu, HI 96817",-157.8731946,21.3210645
227,"Downtown 1111 Bishop St Honolulu, HI 96813 ","Downtown, 1111 Bishop St, Honolulu, HI 96813",-157.8599058,21.3094372
228,"Eastex/Jensen 3418 Topping St Houston, TX 77093 ","Eastex/Jensen, 3418 Topping St, Houston, TX 77093",-95.335071,29.85698
229,"The Heights 2701 White Oak Dr Houston, TX 77007 ","The Heights, 2701 White Oak Dr, Houston, TX 77007",-95.3880058,29.7813262
230,"EaDo, Downtown 2017 Leeland St Houston, TX 77003","EaDo, Downtown, 2017 Leeland St, Houston, TX 770",-95.359373,29.7471976
231,"Upper Kirby 3030 Audley St Houston, TX 77098 ","Upper Kirby, 3030 Audley St, Houston, TX 77098",-95.4265313,29.7375934
232,"Medical Center 2616 S Lp W Houston, TX 77054 ","Medical Center, 2616 S Lp W, Houston, TX 77054",-95.4195978,29.6780664
233,"149 Linden Ave Long Beach, CA 90802 ","149 Linden Ave, Long Beach, CA 90802",-118.1865789,33.7690476
234,"17441 Beach Blvd Huntington Beach, CA 92647 ","17441 Beach Blvd, Huntington Beach, CA 92647",-117.9893647,33.7092232
235,"5171 Warner Ave Huntington Beach, CA 92649 ","5171 Warner Ave, Huntington Beach, CA 92649",-118.0387067,33.7157273
236,"18302 Beach Blvd Huntington Beach, CA 92648 ","18302 Beach Blvd, Huntington Beach, CA 92648",-117.9885267,33.6966682
237,"3011 Harbor Blvd Costa Mesa, CA 92626 ","3011 Harbor Blvd, Costa Mesa, CA 92626",-117.9196948,33.681003
238,"8110 N College Ave Indianapolis, IN 46240 ","8110 N College Ave, Indianapolis, IN 46240",-86.1469015,39.9049505
239,"Chatham Arch 878 Massachusetts Ave Indianapolis, IN 46204 ","Chatham Arch, 878 Massachusetts Ave, Indianapolis, IN 46204",-86.1427623,39.7794864
240,"Mile Square 6 E Washington Indianapolis, IN 46204 ","Mile Square, 6 E Washington, Indianapolis, IN 46204",-86.1577283,39.7673947
241,"2902 Madison Ave Indianapolis, IN 46225 ","2902 Madison Ave, Indianapolis, IN 46225",-86.1516267,39.7240188
242,"Mile Square 141 S Meridian St Indianapolis, IN 46225 ","Mile Square, 141 S Meridian St, Indianapolis, IN 46225",-86.1579621,39.7644812
243,"89 2nd St Coralville, IA 52241 ","89 2nd St, Coralville, IA 52241",-91.5647228,41.6695424
244,"201 S Clinton St Iowa City, IA 52240 ","201 S Clinton St, Iowa City, IA 52240",-91.5348805,41.6599097
245,"1722 W 1st St Santa Ana, CA 92703 ","1722 W 1st St, Santa Ana, CA 92703",-117.892443,33.7449805
246,"2816 Lafayette Rd Newport Beach, CA 92663 ","2816 Lafayette Rd, Newport Beach, CA 92663",-117.9278064,33.6137498
247,Located in Campus Plaza ,"Campus Plaza, Irvine, CA",-117.832369,33.649561
248,Located in Irvine Spectrum Center ,"Irvine Spectrum Center, Irvine, CA",-117.7438903,33.650994
249,"12932 Newport Ave Tustin, CA 92780 ","12932 Newport Ave, Tustin, CA 92780",-117.8096652,33.7494792
250,"3063 Southwest Blvd Kansas City, MO 64108 ","3063 Southwest Blvd, Kansas City, MO 64108",-94.60701,39.0723231
251,"Kansas City, MO ","Kansas City, MO",-94.5785667,39.0997265
252,"5000 State Ave Kansas City, KS 66102 ","5000 State Ave, Kansas City, KS 66102",-94.6936195,39.1171244
253,"1000 W 39th St Kansas City, MO 64111 ","1000 W 39th St, Kansas City, MO 64111",-94.5981116,39.0574043
254,"3037 Main St Kansas City, MO 64108 ","3037 Main St, Kansas City, MO 64108",-94.5849996,39.0713996
255,"52 Maui Lani Pkwy Wailuku, HI 96793 ","52 Maui Lani Pkwy, Wailuku, HI 96793",-156.4915286,20.8875774
256,"658 Front St Lahaina, HI 96761 ","658 Front St, Lahaina, HI 96761",-156.6773967,20.8726185
257,"Sunrise Las Vegas, NV 89104 ","Sunrise, Las Vegas, NV 89104",-115.0882956,36.1622585
258,"Eastside 360 E Flamingo Rd Las Vegas, NV 89169 ","Eastside, 360 E Flamingo Rd, Las Vegas, NV 89169",-115.056404,36.107847
259,"Westside 3713 W Sahara Ave Las Vegas, NV 89102 ","Westside, 3713 W Sahara Ave, Las Vegas, NV 89102",-115.2076444,36.1289086
260,"Sunrise 1455 S Lamb Blvd Las Vegas, NV 89104 ","Sunrise, 1455 S Lamb Blvd, Las Vegas, NV 89104",-115.0819895,36.1551197
261,"Westside 3854 W Sahara Ave Las Vegas, NV 89102 ","Westside, 3854 W Sahara Ave, Las Vegas, NV 89102",-115.2076444,36.1289086
262,"4285 Valley Ave Pleasanton, CA 94566 ","4285 Valley Ave, Pleasanton, CA 94566",-121.8749173,37.6774552
263,Serving Fremont and the Surrounding Area ,Serving Fremont and the Surrounding Area,-121.982721,37.565285
264,"6797 Village Pkwy Dublin, CA 94568 ","6797 Village Pkwy, Dublin, CA 94568",-121.9234437,37.7066077
265,Located in Stoneridge Shopping Center ,"Stoneridge Shopping Center, Livermore, CA",-121.9288449,37.6952657
266,"4501 Carson St Long Beach, CA 90808 ","4501 Carson St, Long Beach, CA 90808",-118.1408404,33.8328344
267,"2000 Ximeno Ave Long Beach, CA 90815 ","2000 Ximeno Ave, Long Beach, CA 90815",-118.13864,33.7918956
268,"5345 Long Beach Blvd Long Beach, CA 90805 ","5345 Long Beach Blvd, Long Beach, CA 90805",-118.1964177,33.8531002
269,"5716 E 2nd St Long Beach, CA 90803 ","5716 E 2nd St, Long Beach, CA 90803",-118.1226231,33.7565124
270,"240 Pine Ave Long Beach, CA 90802 ","240 Pine Ave, Long Beach, CA 90802",-118.1920306,33.7700565
271,"223 Castro St Mountain View, CA 94041 ","223 Castro St, Mountain View, CA 94041",-122.0789755,37.3934292
272,"20735 Stevens Creek Blvd Cupertino, CA 95014 ","20735 Stevens Creek Blvd, Cupertino, CA 95014",-122.035355,37.3235221
273,"455 E Charleston Rd Palo Alto, CA 94306 ","455 E Charleston Rd, Palo Alto, CA 94306",-122.1135221,37.4192438
274,Located in Dinah's Garden Hotel ,"Dinah's Garden Hotel, Los Altos, CA",-122.1200856,37.4073114
275,"19541 Richwood Dr Cupertino, CA 95014 ","19541 Richwood Dr, Cupertino, CA 95014",-122.014825,37.322009
276,"Echo Park 1412 Glendale Blvd Los Angeles, CA 90026 ","Echo Park, 1412 Glendale Blvd, Los Angeles, CA 90026",-118.2597503,34.0800533
277,"Chinatown 943 N Broadway Los Angeles, CA 90012 ","Chinatown, 943 N Broadway, Los Angeles, CA 90012",-118.2370871,34.0651894
278,"Atwater Village 3280 Glendale Blvd Los Angeles, CA 90039 ","Atwater Village, 3280 Glendale Blvd, Los Angeles, CA 90039",-118.2596219,34.118592
279,"West Los Angeles 10571 Pico Blvd Los Angeles, CA 90064 ","West Los Angeles, 10571 Pico Blvd, Los Angeles, CA 90064",-118.4213543,34.0440729
280,"Sawtelle 2024 Sawtelle Blvd Los Angeles, CA 90025 ","Sawtelle, 2024 Sawtelle Blvd, Los Angeles, CA 90025",-118.4429173,34.0404196
281,"West San Jose 1150 S De Anza Blvd San Jose, CA 95129 ","West San Jose, 1150 S De Anza Blvd, San Jose, CA 95129",-122.0321552,37.3039875
282,"West San Jose 455 Saratoga Ave San Jose, CA 95129 ","West San Jose, 455 Saratoga Ave, San Jose, CA 95129",-121.9748548,37.3197927
283,"12108 Saratoga-Sunnyvale Rd Saratoga, CA 95070 ","12108 Saratoga-Sunnyvale Rd, Saratoga, CA 95070",-122.0317479,37.2928204
284,"Almaden Valley 5650 Almaden Expy San Jose, CA 95118 ","Almaden Valley, 5650 Almaden Expy, San Jose, CA 95118",-121.8746536,37.2499423
285,"Willow Glen 1351 Lincoln Ave San Jose, CA 95125 ","Willow Glen, 1351 Lincoln Ave, San Jose, CA 95125",-121.8982441,37.3041721
286,"Fourth Street, Downtown 415 S 4th St Louisville, KY 40202 ","Fourth Street, Downtown, 415 S 4th St, Louisville, KY 40202",-85.7569106,38.2524287
287,"Civic Center, Downtown 526 S 5th St Louisville, KY 40202 ","Civic Center, Downtown, 526 S 5th St, Louisville, KY 40202",-85.755475,38.254513
288,"East Main, Downtown 301 E Market St Louisville, KY 40202 ","East Main, Downtown, 301 E Market St, Louisville, KY 40202",-85.7479177,38.2544928
289,"Germantown 1012 Barret Ave Louisville, KY 40204","Germantown, 1012 Barret Ave, Louisville, KY 402",-85.7281622,38.2359723
290,"Limerick 517 W Oak St Louisville, KY 40203 ","Limerick, 517 W Oak St, Louisville, KY 40203",-85.762769,38.235593
291,"South Campus 1212 Regent St Madison, WI 53715 ","South Campus, 1212 Regent St, Madison, WI 53715",-89.4064022,43.0678893
292,"5901 Hwy 51 Madison, WI 53704 ","5901 Hwy 51, Madison, WI 53704",-89.3245632,43.1682224
293,"2750 Prairie Lakes Dr Sun Prairie, WI 53590 ","2750 Prairie Lakes Dr, Sun Prairie, WI 53590",-89.2669943,43.1665792
294,"Junction Ridge 515 Junction Rd Madison, WI 53717 ","Junction Ridge, 515 Junction Rd, Madison, WI 53717",-89.5266503,43.0738967
295,"Capitol 583 State St Madison, WI 53703 ","Capitol, 583 State St, Madison, WI 53703",-89.3955394,43.0747395
296,"Del Rey 4929 Sepulveda Blvd Culver City, CA 90230 ","Del Rey, 4929 Sepulveda Blvd, Culver City, CA 90230",-118.4018562,33.9996561
297,"1447 2nd St Santa Monica, CA 90401 ","1447 2nd St, Santa Monica, CA 90401",-118.4956848,34.0140541
298,"Culver City 3816 Sepulveda Blvd Culver City, CA 90230 ","Culver City, 3816 Sepulveda Blvd, Culver City, CA 90230",-118.4164996,34.0124322
299,Serving Los Angeles and the Surrounding Area ,Serving Los Angeles and the Surrounding Area,-118.2020267,33.789694
300,"120 Broadway Santa Monica, CA 90401 ","120 Broadway, Santa Monica, CA 90401",-118.495576,34.0131574
301,"Downtown 73 Monroe Ave Memphis, TN 38103 ","Downtown, 73 Monroe Ave, Memphis, TN 38103",-90.0539913,35.1442381
302,"Berclair 4509 Summer Ave Memphis, TN 38122","Berclair, 4509 Summer Ave, Memphis, TN 381",-89.9104184,35.1487722
303,"Chickasaw Oaks 3482 Plaza Ave Memphis, TN 38111 ","Chickasaw Oaks, 3482 Plaza Ave, Memphis, TN 38111",-89.9586573,35.1327807
304,"1155 S Bellevue Blvd Memphis, TN 38104 ","1155 S Bellevue Blvd, Memphis, TN 38104",-90.0220295,35.115036
305,"Frayser 3275 Thomas St Memphis, TN 38127 ","Frayser, 3275 Thomas St, Memphis, TN 38127",-90.0318679,35.214773
306,"1509 Main St Redwood City, CA 94063 ","1509 Main St, Redwood City, CA 94063",-122.2233089,37.4793818
307,"3387 Middlefield Rd Menlo Park, CA 94025 ","3387 Middlefield Rd, Menlo Park, CA 94025",-122.2022295,37.4709904
308,"135 El Camino Real San Carlos, CA 94070 ","135 El Camino Real, San Carlos, CA 94070",-122.267846,37.513091
309,"2464 W El Camino Real Mountain View, CA 94040 ","2464 W El Camino Real, Mountain View, CA 94040",-122.1086189,37.3992273
310,Serving Belmont and the Surrounding Area ,Serving Belmont and the Surrounding Area,-81.17639,35.263841
311,"140 SE 1st Ave Miami, FL 33131 ","140 SE 1st Ave, Miami, FL 33131",-80.191785,25.773029
312,"Brickell 35 SE 6th St Miami, FL 33131 ","Brickell, 35 SE 6th St, Miami, FL 33131",-80.191544,25.768353
313,"5001 NW 36th St Miami Springs, FL 33166 ","5001 NW 36th St, Miami Springs, FL 33166",-80.2777243,25.8081491
314,Brickell Located in Brickell City Centre ,"Brickell, Located in Brickell City Centre",-80.1932591,25.7672968
315,"Shorecrest 1071 NE 79th St Miami, FL 33138 ","Shorecrest, 1071 NE 79th St, Miami, FL 33138",-80.173547,25.848726
316,"328 Crandon Blvd Key Biscayne, FL 33149 ","328 Crandon Blvd, Key Biscayne, FL 33149",-80.1638773,25.6955126
317,"Wynwood 111 NE 20th St Miami, FL 33137 ","Wynwood, 111 NE 20th St, Miami, FL 33137",-80.192456,25.7958329
318,"1515 Washington Ave Miami Beach, FL 33139 ","1515 Washington Ave, Miami Beach, FL 33139",-80.1315566,25.7879277
319,"Little Haiti 5556 NE 4th Ct Miami, FL 33137 ","Little Haiti, 5556 NE 4th Ct, Miami, FL 33137",-80.187354,25.8270531
320,"Wynwood 143 NW 23rd St Miami, FL 33127 ","Wynwood, 143 NW 23rd St, Miami, FL 33127",-80.1979453,25.7993526
321,"770 Tamalpais Dr Corte Madera, CA 94925 ","770 Tamalpais Dr, Corte Madera, CA 94925",-122.517203,37.926277
322,"107 Bolinas Rd Fairfax, CA 94930 ","107 Bolinas Rd, Fairfax, CA 94930",-122.5899021,37.9852242
323,Located in San Francisco International Airport -SFO ,"San Francisco International Airport -SFO, Millbrae, CA",-122.390223,37.60154
324,"1160 Capuchino Ave Burlingame, CA 94010 ","1160 Capuchino Ave, Burlingame, CA 94010",-122.3654139,37.584843
325,"North Valley 1698 Hostetter Rd San Jose, CA 95131 ","North Valley, 1698 Hostetter Rd, San Jose, CA 95131",-121.8835825,37.3870043
326,"2341 El Camino Real Santa Clara, CA 95050 ","2341 El Camino Real, Santa Clara, CA 95050",-121.9661545,37.3528257
327,"1795 Scott Blvd Santa Clara, CA 95050 ","1795 Scott Blvd, Santa Clara, CA 95050",-121.9590203,37.3554037
328,"East San Jose Story Rd & Kollmar Dr San Jose, CA 95127","East San Jose, Story Rd & Kollmar Dr, San Jose, CA 951",-121.8341258,37.3460817
329,"76 S Abel St Milpitas, CA 95035 ","76 S Abel St, Milpitas, CA 95035",-121.908647,37.429115
330,"Downtown, Westown, Bronzeville 1009 N Old World 3rd St Milwaukee, WI 53203 ","Downtown, Westown, Bronzeville, 1009 N Old World 3rd St, Milwaukee, WI 53203",-87.9141439,43.0460307
331,"East Town, Downtown 777 E Wisconsin Ave Milwaukee, WI 53202 ","East Town, Downtown, 777 E Wisconsin Ave, Milwaukee, WI 53202",-87.901871,43.0382719
332,"5740 108th St Hales Corners, WI 53130 ","5740 108th St, Hales Corners, WI 53130",-88.0476636,42.9400228
333,"2149 Miller Park Way West Milwaukee, WI 53219 ","2149 Miller Park Way, West Milwaukee, WI 53219",-87.9684833,43.0060498
334,"University Hill, Avenues West, Westown 804 N 16th St Milwaukee, WI 53233 ","University Hill, Avenues West, Westown, 804 N 16th St, Milwaukee, WI 53233",-87.9326396,43.0604305
335,"4300 Glumack Dr Saint Paul, MN 55111 ","4300 Glumack Dr, Saint Paul, MN 55111",-93.2150298,44.8836074
336,"Downtown Minneapolis 625 4th Ave S Minneapolis, MN 55415","Downtown Minneapolis, 625 4th Ave S, Minneapolis, MN 554",-93.2662129,44.9747778
337,"University 817 Washington Ave SE Minneapolis, MN 55414 ","University, 817 Washington Ave SE, Minneapolis, MN 55414",-93.2266847,44.9738241
338,"University 507 14th Ave SE Minneapolis, MN 55414 ","University, 507 14th Ave SE, Minneapolis, MN 55414",-93.2349975,44.9818858
339,"Downtown Minneapolis 607 Washington Ave S Minneapolis, MN 55415 ","Downtown Minneapolis, 607 Washington Ave S, Minneapolis, MN 55415",-93.2596864,44.9778471
340,"635 Cass St Monterey, CA 93940 ","635 Cass St, Monterey, CA 93940",-121.8943103,36.5955773
341,"6th Ave & Dolores St Carmel, CA 93923 ","6th Ave & Dolores St, Carmel, CA 93923",-73.992866,40.7428095
342,"39 Fishermans Wharf Monterey, CA 93940 ","39 Fishermans Wharf, Monterey, CA 93940",-121.8929257,36.6043841
343,"233 State St Los Altos, CA 94022 ","233 State St, Los Altos, CA 94022",-122.116617,37.3793394
344,"75 Arbor Rd Menlo Park, CA 94025 ","75 Arbor Rd, Menlo Park, CA 94025",-122.1791504,37.4415123
345,"Downtown 856 N 13th St San Jose, CA 95112 ","Downtown, 856 N 13th St, San Jose, CA 95112",-121.890162,37.358384
346,"3450 El Camino Real Santa Clara, CA 95051 ","3450 El Camino Real, Santa Clara, CA 95051",-121.9910754,37.351705
347,"5855 Jarvis Ave Newark, CA 94560 ","5855 Jarvis Ave, Newark, CA 94560",-122.0486173,37.5517221
348,"2840 Soscol Ave Napa, CA 94558 ","2840 Soscol Ave, Napa, CA 94558",-122.2838914,38.3201842
349,"1650 Soscol Ave Napa, CA 94559 ","1650 Soscol Ave, Napa, CA 94559",-122.284993,38.305481
350,"5184 Sonoma Blvd Vallejo, CA 94589 ","5184 Sonoma Blvd, Vallejo, CA 94589",-122.2528928,38.1484364
351,"3124 S Rt 59 Naperville, IL 60564 ","3124 S Rt 59, Naperville, IL 60564",-88.2039904,41.7076067
352,"311 E Loop Rd Wheaton, IL 60187 ","311 E Loop Rd, Wheaton, IL 60187",-88.0953425,41.8299819
353,"10 W State St North Aurora, IL 60542 ","10 W State St, North Aurora, IL 60542",-88.3255632,41.8057983
354,"17W635 Roosevelt Rd Oakbrook Terrace, IL 60181 ","17W635 Roosevelt Rd, Oakbrook Terrace, IL 60181",-87.9740234,41.8600827
355,"29 Boulder Hill Pass Montgomery, IL 60538 ","29 Boulder Hill Pass, Montgomery, IL 60538",-88.346925,41.7153469
356,"Hillsboro West End 3415 W End Ave Nashville, TN 37203 ","Hillsboro West End, 3415 W End Ave, Nashville, TN 37203",-86.8197198,36.1379684
357,"Sylvan Park 5337 Charlotte Ave Nashville, TN 37209 ","Sylvan Park, 5337 Charlotte Ave, Nashville, TN 37209",-86.8526222,36.1512409
358,"South Nashville 2521 Nolensville Pike Nashville, TN 37211 ","South Nashville, 2521 Nolensville Pike, Nashville, TN 37211",-86.7488251,36.1176376
359,"Midtown, Music Row 202 21st Ave S Nashville, TN 37203 ","Midtown, Music Row, 202 21st Ave S, Nashville, TN 37203",-86.798836,36.1481659
360,"Donelson 457 Donelson Pike Nashville, TN 37214 ","Donelson, 457 Donelson Pike, Nashville, TN 37214",-86.6660112,36.1515194
361,"240 Boston Post Rd Orange, CT 06477 ","240 Boston Post Rd, Orange, CT 06477",-72.9988505,41.2684036
362,"1306 State St New Haven, CT 06511 ","1306 State St, New Haven, CT 06511",-72.8993837,41.3190674
363,"501 Long Wharf Dr New Haven, CT 06511 ","501 Long Wharf Dr, New Haven, CT 06511",-72.9144397,41.296571
364,"990 W Main St Branford, CT 06405 ","990 W Main St, Branford, CT 06405",-72.8331465,41.275839
365,"778 Boston Post Rd West Haven, CT 06516 ","778 Boston Post Rd, West Haven, CT 06516",-72.9737801,41.2869567
366,"French Quarter 777 Bienville St New Orleans, LA 70130 ","French Quarter, 777 Bienville St, New Orleans, LA 70130",-90.0681471,29.9554435
367,"428 Jefferson Hwy New Orleans, LA 70121 ","428 Jefferson Hwy, New Orleans, LA 70121",-90.1355135,29.964702
368,"Bayou St. John 1201 N Broad St New Orleans, LA 70119 ","Bayou St. John, 1201 N Broad St, New Orleans, LA 70119",-90.0793127,29.9753672
369,"Warehouse District, Lower Garden District 1128 Tchoupitoulas St New Orleans, LA 70130 ","Warehouse District, Lower Garden District, 1128 Tchoupitoulas St, New Orleans, LA 70130",-90.0668759,29.93992
370,"16 W Airline Hwy Kenner, LA 70062 ","16 W Airline Hwy, Kenner, LA 70062",-90.2746595,29.9813111
371,"Theater District, Hell's Kitchen, Midtown West 772 9th Ave New York, NY 10019 ","Theater District, Hell's Kitchen, Midtown West, 772 9th Ave, New York, NY 10019",-73.9880272,40.7643559
372,"Flatiron 88 Madison Ave New York, NY 10016 ","Flatiron, 88 Madison Ave, New York, NY 10016",-73.985788,40.7444367
373,"Midtown West 34 W 35th St New York, NY 10001 ","Midtown West, 34 W 35th St, New York, NY 10001",-73.9858287,40.7496405
374,"Chelsea 463 W 24th St New York, NY 10001 ","Chelsea, 463 W 24th St, New York, NY 10001",-74.003356,40.7483455
375,"Little Italy 163 Mulberry St New York, NY 10013 ","Little Italy, 163 Mulberry St, New York, NY 10013",-73.9974059,40.7197962
376,"1969 Harbor Blvd Costa Mesa, CA 92627 ","1969 Harbor Blvd, Costa Mesa, CA 92627",-117.91901,33.646279
377,"36 Plaza Sq Orange, CA 92866 ","36 Plaza Sq, Orange, CA 92866",-117.8535068,33.7874582
378,"209 1/2 Palm St Newport Beach, CA 92661 ","209 1/2 Palm St, Newport Beach, CA 92661",-117.9009193,33.6030589
379,"1830 Main St Irvine, CA 92614 ","1830 Main St, Irvine, CA 92614",-117.8561892,33.6853898
380,"2394 Newport Blvd Costa Mesa, CA 92627 ","2394 Newport Blvd, Costa Mesa, CA 92627",-117.9026326,33.6567963
381,"Temescal, North Oakland 4828 Telegraph Ave Oakland, CA 94609","Temescal, North Oakland, 4828 Telegraph Ave, Oakland, CA 946",-122.2626435,37.8350925
382,"Mission 1199 Valencia St San Francisco, CA 94110 ","Mission, 1199 Valencia St, San Francisco, CA 94110",-122.4206999,37.7538422
383,"Nob Hill 1722 Sacramento St San Francisco, CA 94109 ","Nob Hill, 1722 Sacramento St, San Francisco, CA 94109",-122.421442,37.7915485
384,"1650 Park St Alameda, CA 94501 ","1650 Park St, Alameda, CA 94501",-122.2394426,37.7677375
385,"North Oakland 942 Stanford Ave Oakland, CA 94608 ","North Oakland, 942 Stanford Ave, Oakland, CA 94608",-122.2767534,37.8438012
386,"3533 E Chapman Ave Orange, CA 92869 ","3533 E Chapman Ave, Orange, CA 92869",-117.815618,33.7880151
387,"633 Anton Blvd Costa Mesa, CA 92626 ","633 Anton Blvd, Costa Mesa, CA 92626",-117.8826513,33.6896434
388,Located in Disneyland Park ,"Disneyland Park, Orange County, CA",-117.9189742,33.8120918
389,"1215 Baker St Costa Mesa, CA 92626 ","1215 Baker St, Costa Mesa, CA 92626",-117.909174,33.6796959
390,"3751 S Harbor Blvd Santa Ana, CA 92704 ","3751 S Harbor Blvd, Santa Ana, CA 92704",-117.9186298,33.6965516
391,"7350 Narcoossee Rd Orlando, FL 32822 ","7350 Narcoossee Rd, Orlando, FL 32822",-81.2728322,28.4608795
392,"South John Young 4008 Orange Blossom Trl Orlando, FL 32839 ","South John Young, 4008 Orange Blossom Trl, Orlando, FL 32839",-81.4254475,28.4149754
393,"South Orange Blossom Trail / OBT 10471-10495 S Orange Blossom Trl Orlando, FL 32837 ","South Orange Blossom Trail / OBT, 10471-10495 S Orange Blossom Trl, Orlando, FL 32837",-81.4046883,28.4011314
394,"South Orange Blossom Trail / OBT 9785 C Orange Blossom Trl Orlando, FL 32837 ","South Orange Blossom Trail / OBT, 9785 C Orange Blossom Trl, Orlando, FL 32837",-81.4035093,28.4096208
395,"South Orange Blossom Trail / OBT 8204 Crystal Clear Ln Orlando, FL 32809 ","South Orange Blossom Trail / OBT, 8204 Crystal Clear Ln, Orlando, FL 32809",-81.4004758,28.4488916
396,"855 W El Camino Real Mountain View, CA 94040 ","855 W El Camino Real, Mountain View, CA 94040",-122.0853447,37.3861006
397,Serving Oakland and the Surrounding Area ,Serving Oakland and the Surrounding Area,-122.2429028,37.811473
398,"1143 Crane St Menlo Park, CA 94025 ","1143 Crane St, Menlo Park, CA 94025",-122.1859128,37.4513122
399,"142 Castro St Mountain View, CA 94041 ","142 Castro St, Mountain View, CA 94041",-122.0787019,37.3946098
400,"4290 El Camino Real Palo Alto, CA 94306 ","4290 El Camino Real, Palo Alto, CA 94306",-122.1216419,37.4061001
401,"Pasadena 37 S Fair Oaks Ave Pasadena, CA 91105 ","Pasadena, 37 S Fair Oaks Ave, Pasadena, CA 91105",-118.1507069,34.1451347
402,"Pasadena 234 E Colorado Blvd Pasadena, CA 91101 ","Pasadena, 234 E Colorado Blvd, Pasadena, CA 91101",-118.1456357,34.1456176
403,Located in Nordstrom ,"Nordstrom, Pasadena, CA",-118.052384,34.135439
404,"Highland Park 5213 York Blvd Los Angeles, CA 90042 ","Highland Park, 5213 York Blvd, Los Angeles, CA 90042",-118.2022,34.1207806
405,"Pasadena 26 N Los Robles Ave Pasadena, CA 91101 ","Pasadena, 26 N Los Robles Ave, Pasadena, CA 91101",-118.141306,34.1463054
406,"East Passyunk Crossing 1617 E Passyunk Ave Philadelphia, PA 19148 ","East Passyunk Crossing, 1617 E Passyunk Ave, Philadelphia, PA 19148",-75.1637339,39.9294193
407,"Cedar Park 816 S 47th St Philadelphia, PA 19143 ","Cedar Park, 816 S 47th St, Philadelphia, PA 19143",-75.2169484,39.9482289
408,"Spruce Hill, University City 4420 Walnut St Philadelphia, PA 19104 ","Spruce Hill, University City, 4420 Walnut St, Philadelphia, PA 19104",-75.2115092,39.9549772
409,"Northern Liberties 1033 N 2nd St Philadelphia, PA 19102 ","Northern Liberties, 1033 N 2nd St, Philadelphia, PA 19102",-75.1397843,39.9676252
410,"Passyunk Square 610 Washington Ave Philadelphia, PA 19147 ","Passyunk Square, 610 Washington Ave, Philadelphia, PA 19147",-75.1544036,39.9344415
411,"101 N 1st Ave Phx, AZ 85003 ","101 N 1st Ave, Phx, AZ 85003",-112.0747437,33.4499167
412,"4325 E Indian School Rd Phoenix, AZ 85018 ","4325 E Indian School Rd, Phoenix, AZ 85018",-111.988346,33.4941043
413,"120 E Taylor St Phoenix, AZ 85004 ","120 E Taylor St, Phoenix, AZ 85004",-112.0719801,33.4539237
414,"1621 E Van Buren St Phoenix, AZ 85034 ","1621 E Van Buren St, Phoenix, AZ 85034",-112.0467,33.451119
415,"Carrick 2122 Brownsville Rd Pittsburgh, PA 15210 ","Carrick, 2122 Brownsville Rd, Pittsburgh, PA 15210",-79.9872221,40.392436
416,"South Side 2526 E Carson St Pittsburgh, PA 15203 ","South Side, 2526 E Carson St, Pittsburgh, PA 15203",-79.9687113,40.4273212
417,"Oakland 125 Oakland Ave Pittsburgh, PA 15213 ","Oakland, 125 Oakland Ave, Pittsburgh, PA 15213",-79.9576114,40.4420848
418,"Oakland 326 Atwood St Pittsburgh, PA 15213 ","Oakland, 326 Atwood St, Pittsburgh, PA 15213",-79.9552124,40.4389681
419,"The Hill District Pittsburgh, PA 15219 ","The Hill District, Pittsburgh, PA 15219",-79.982794,40.442229
420,"6058 Dougherty Rd Dublin, CA 94568 ","6058 Dougherty Rd, Dublin, CA 94568",-121.9106422,37.7076375
421,"4640 Tassajara Rd Dublin, CA 94568 ","4640 Tassajara Rd, Dublin, CA 94568",-121.873239,37.708053
422,"1989 Santa Rita Rd Pleasanton, CA 94566 ","1989 Santa Rita Rd, Pleasanton, CA 94566",-121.8762291,37.6789501
423,"Alberta Arts District, Concordia, Northeast Portland 2712 NE Alberta St Portland, OR 97211 ","Alberta Arts District, Concordia, Northeast Portland, 2712 NE Alberta St, Portland, OR 97211",-122.6483089,45.5588843
424,"Northwest 2225 NW Wilson St Portland, OR 97210 ","Northwest, 2225 NW Wilson St, Portland, OR 97210",-122.6970633,45.5379274
425,"King, Northeast Portland 3901 NE Martin Luther King Jr Blvd Portland, OR 97212 ","King, Northeast Portland, 3901 NE Martin Luther King Jr Blvd, Portland, OR 97212",-122.6618426,45.5509041
426,"Pearl District 1355 NW Everett St Portland, OR 97209 ","Pearl District, 1355 NW Everett St, Portland, OR 97209",-122.6847114,45.5252002
427,"Buckman, Central Eastside, Southeast Portland 215 SE 9th Ave Portland, OR 97214 ","Buckman, Central Eastside, Southeast Portland, 215 SE 9th Ave, Portland, OR 97214",-122.659121,45.52282
428,"842 US Hwy 206 Hillsborough, NJ 08844 ","842 US Hwy 206, Hillsborough, NJ 08844",-74.654923,40.4809279
429,"310 Klockner Rd Hamilton, NJ 08619 ","310 Klockner Rd, Hamilton, NJ 08619",-74.7101606,40.2450433
430,"101 Nassau Park Blvd Princeton, NJ 08540 ","101 Nassau Park Blvd, Princeton, NJ 08540",-74.6769677,40.30316
431,"311 Amwell Rd Hillsborough, NJ 08844 ","311 Amwell Rd, Hillsborough, NJ 08844",-74.6197921,40.497606
432,"7 Vandeventer Ave Princeton, NJ 08542","7 Vandeventer Ave, Princeton, NJ 085",-74.6569229,40.3507348
433,"Federal Hill 477 Broadway Providence, RI 02909 ","Federal Hill, 477 Broadway, Providence, RI 02909",-71.4340581,41.8190157
434,"College Hill 250 Brook St Providence, RI 02906 ","College Hill, 250 Brook St, Providence, RI 02906",-71.399098,41.823516
435,"46 Putnam Pike Johnston, RI 02919 ","46 Putnam Pike, Johnston, RI 02919",-71.4904629,41.8604315
436,"1850 Broad St Cranston, RI 02905 ","1850 Broad St, Cranston, RI 02905",-71.3982842,41.7753023
437,"DownCity 14 Imperial Pl Providence, RI 02903 ","DownCity, 14 Imperial Pl, Providence, RI 02903",-71.4112885,41.8173679
438,Located in Crabtree Valley Mall ,"Crabtree Valley Mall, Raleigh, NC",-78.680159,35.8398098
439,"2810 Hillsborough St Raleigh, NC 27607 ","2810 Hillsborough St, Raleigh, NC 27607",-78.6746047,35.7894007
440,"8511 Colonnade Center Dr Raleigh, NC 27615 ","8511 Colonnade Center Dr, Raleigh, NC 27615",-78.6502012,35.8981375
441,"744 E Chatham St Cary, NC 27511 ","744 E Chatham St, Cary, NC 27511",-78.766916,35.790779
442,"111 Seaboard Ave Raleigh, NC 27604 ","111 Seaboard Ave, Raleigh, NC 27604",-78.6402358,35.7885693
443,Located in Issaquah Commons ,"Issaquah Commons, Redmond, WA",-122.0501127,47.5421679
444,"University District 4226 University Way NE Seattle, WA 98105 ","University District, 4226 University Way NE, Seattle, WA 98105",-122.3128986,47.6591327
445,Located in Soma Towers ,"Soma Towers, Redmond, WA",-122.1983782,47.6127662
446,Capitol Hill Located in Chophouse Row ,"Capitol Hill, Located in Chophouse Row",-122.317721,47.6136818
447,Located in Hyatt Regency Bellevue on Seattle's Eastside ,"Hyatt Regency Bellevue, Redmond, WA",-122.201162,47.618256
448,"Harbor City 1206 W Pacific Coast Hwy Harbor City, CA 90710 ","Harbor City, 1206 W Pacific Coast Hwy, Harbor City, CA 90710",-118.2978417,33.7892738
449,"1238 Hermosa Ave Hermosa Beach, CA 90254 ","1238 Hermosa Ave, Hermosa Beach, CA 90254",-118.3998568,33.8629062
450,"Torrance 2515 Torrance Blvd Torrance, CA 90503 ","Torrance, 2515 Torrance Blvd, Torrance, CA 90503",-118.3293494,33.8372113
451,"229 Main St El Segundo, CA 90245 ","229 Main St, El Segundo, CA 90245",-118.4162579,33.9181992
452,"15134 S Western Ave Gardena, CA 90249 ","15134 S Western Ave, Gardena, CA 90249",-118.308546,33.8935655
453,"351 W Washington Ave Sunnyvale, CA 94087 ","351 W Washington Ave, Sunnyvale, CA 94087",-122.0332741,37.3767764
454,"1754 Laurel St San Carlos, CA 94070 ","1754 Laurel St, San Carlos, CA 94070",-122.2460017,37.4935765
455,"820 Veterans Blvd Redwood City, CA 94063 ","820 Veterans Blvd, Redwood City, CA 94063",-122.228916,37.4902678
456,"811 Cherry Ave San Bruno, CA 94066 ","811 Cherry Ave, San Bruno, CA 94066",-122.4248719,37.6261606
457,"2855 Middlefield Rd Redwood City, CA 94063","2855 Middlefield Rd, Redwood City, CA 940",-122.2093007,37.4754844
458,"Sparks 380 Freeport Blvd Sparks, NV 89431 ","Sparks, 380 Freeport Blvd, Sparks, NV 89431",-119.7470377,39.525988
459,"475 S Arlington Ave Reno, NV 89501 ","475 S Arlington Ave, Reno, NV 89501",-119.8173611,39.52059
460,"3981 S McCarran Blvd Reno, NV 89502 ","3981 S McCarran Blvd, Reno, NV 89502",-119.763512,39.4773372
461,Located in Peppermill Reno ,"Peppermill Reno, Reno, NV",-119.8021307,39.496853
462,"Downtown 100 E Cary St Richmond, VA 23219 ","Downtown, 100 E Cary St, Richmond, VA 23219",-77.4440543,37.5417597
463,"The Fan 411 N Harrison St Richmond, VA 23220 ","The Fan, 411 N Harrison St, Richmond, VA 23220",-77.45331,37.550515
464,"Dumbarton 4086 Crockett St Richmond, VA 23228 ","Dumbarton, 4086 Crockett St, Richmond, VA 23228",-77.5004096,37.6149067
465,"Laurel 8052 W Broad St Richmond, VA 23294 ","Laurel, 8052 W Broad St, Richmond, VA 23294",-77.5313845,37.6277313
466,"Mechanicsville 9502 Chamberlayne Rd Mechanicsville, VA 23116 ","Mechanicsville, 9502 Chamberlayne Rd, Mechanicsville, VA 23116",-77.3856777,37.6585136
467,"East Sacramento 1420 65th St Sacramento, CA 95819 ","East Sacramento, 1420 65th St, Sacramento, CA 95819",-121.4281803,38.5539396
468,"5595 Hillsdale Blvd Sacramento, CA 95842 ","5595 Hillsdale Blvd, Sacramento, CA 95842",-121.361109,38.6700367
469,"6471 Stockton Blvd Sacramento, CA 95823 ","6471 Stockton Blvd, Sacramento, CA 95823",-121.435325,38.509069
470,"Downtown 1008 J St Sacramento, CA 95814 ","Downtown, 1008 J St, Sacramento, CA 95814",-121.4931909,38.5799968
471,"Midtown, East Sacramento 3020 H St Sacramento, CA 95816 ","Midtown, East Sacramento, 3020 H St, Sacramento, CA 95816",-121.4649499,38.5749686
472,"Tower Grove East 3212 S Grand Blvd Saint Louis, MO 63118 ","Tower Grove East, 3212 S Grand Blvd, Saint Louis, MO 63118",-90.242638,38.598448
473,"11423 Olive Blvd St. Louis, MO 63141 ","11423 Olive Blvd, St. Louis, MO 63141",-90.4334978,38.6724832
474,"740 Demun Ave Clayton, MO 63105 ","740 Demun Ave, Clayton, MO 63105",-90.3077941,38.6376103
475,"Bevo Mill 4561 Gravois Ave St. Louis, MO 63116 ","Bevo Mill, 4561 Gravois Ave, St. Louis, MO 63116",-90.280889,38.560708
476,"Downtown Saint Louis, MO","Downtown, Saint Louis, ",-90.1916501,38.6266074
477,"Highland 2014 Ford Pkwy Saint Paul, MN 55116 ","Highland, 2014 Ford Pkwy, Saint Paul, MN 55116",-93.18573,44.9174363
478,"Midway 333 University Ave W Saint Paul, MN 55103 ","Midway, 333 University Ave W, Saint Paul, MN 55103",-93.1139558,44.9560533
479,"3200 E 81st St Bloomington, MN 55425 ","3200 E 81st St, Bloomington, MN 55425",-93.2264133,44.8576073
480,"Midway 1464 1/2 University Ave W Saint Paul, MN 55104 ","Midway, 1464 1/2 University Ave W, Saint Paul, MN 55104",-93.1624102,44.9550881
481,"Downtown St. Paul 401 Robert St N Saint Paul, MN 55101 ","Downtown St. Paul, 401 Robert St N, Saint Paul, MN 55101",-93.0929248,44.9484029
482,"3301 Market St NE Salem, OR 97301 ","3301 Market St NE, Salem, OR 97301",-122.9942934,44.9511464
483,"5005 Commercial St SE Salem, OR 97302 ","5005 Commercial St SE, Salem, OR 97302",-123.0309503,44.8823685
484,"4020 Commercial St SE Salem, OR 97302 ","4020 Commercial St SE, Salem, OR 97302",-123.0379471,44.8984595
485,"1830 W 3500th S Salt Lake City, UT 84119 ","1830 W 3500th S, Salt Lake City, UT 84119",-111.9418447,40.6972545
486,"East Central, Salt Lake City Salt Lake City, UT 84105 ","East Central, Salt Lake City, Salt Lake City, UT 84105",-111.8628205,40.7345053
487,"Downtown, Salt Lake City 250 W 500th S Salt Lake City, UT 84101 ","Downtown, Salt Lake City, 250 W 500th S, Salt Lake City, UT 84101",-111.8984622,40.7587917
488,"1824 W 3500th S West Valley City, UT 84119 ","1824 W 3500th S, West Valley City, UT 84119",-111.9417756,40.6973129
489,"Salt Lake City, Poplar Grove 55 N Redwood Rd Salt Lake City, UT 84116 ","Salt Lake City, Poplar Grove, 55 N Redwood Rd, Salt Lake City, UT 84116",-111.9403812,40.770679
490,"751 N General McMullen Dr San Antonio, TX 78228 ","751 N General McMullen Dr, San Antonio, TX 78228",-98.5523364,29.4468128
491,"7701 Broadway St San Antonio, TX 78209 ","7701 Broadway St, San Antonio, TX 78209",-98.4672279,29.4999116
492,"Alamo Heights 4820 Broadway San Antonio, TX 78209 ","Alamo Heights, 4820 Broadway, San Antonio, TX 78209",-98.462986,29.470945
493,"7427 San Pedro Ave San Antonio, TX 78216 ","7427 San Pedro Ave, San Antonio, TX 78216",-98.499873,29.5173397
494,"Downtown 909 Broadway St San Antonio, TX 78215 ","Downtown, 909 Broadway St, San Antonio, TX 78215",-98.4815546,29.4339006
495,"730 Kains Ave San Bruno, CA 94066 ","730 Kains Ave, San Bruno, CA 94066",-122.4164408,37.6271712
496,"San Francisco International Airport Millbrae, CA 94030 ","San Francisco International Airport, Millbrae, CA 94030",-122.400083,37.598385
497,Serving Burlingame and the Surrounding Area ,Serving Burlingame and the Surrounding Area,-122.34809,37.5778696
498,"663 Laurel St San Carlos, CA 94070 ","663 Laurel St, San Carlos, CA 94070",-122.2597943,37.5057058
499,"2610 Broadway St Redwood City, CA 94063 ","2610 Broadway St, Redwood City, CA 94063",-122.2336285,37.4864401
500,"1205 Broadway St Redwood City, CA 94063 ","1205 Broadway St, Redwood City, CA 94063",-122.215086,37.4868431
501,"Hillcrest 111 Washington St San Diego, CA 92103 ","Hillcrest, 111 Washington St, San Diego, CA 92103",-117.1634597,32.7496568
502,"Hillcrest 3766 5th Ave San Diego, CA 92103 ","Hillcrest, 3766 5th Ave, San Diego, CA 92103",-117.1607372,32.7463893
503,"10435 San Diego Mission Rd San Diego, CA 92108 ","10435 San Diego Mission Rd, San Diego, CA 92108",-117.1115687,32.7847355
504,"Point Loma, Fleetridge 2907 Shelter Island Dr San Diego, CA 92106 ","Point Loma, Fleetridge, 2907 Shelter Island Dr, San Diego, CA 92106",-117.2305453,32.7219873
505,"Hillcrest 3683 5th Ave San Diego, CA 92103 ","Hillcrest, 3683 5th Ave, San Diego, CA 92103",-117.160112,32.7447179
506,"SoMa 294 9th St San Francisco, CA 94103 ","SoMa, 294 9th St, San Francisco, CA 94103",-122.4119559,37.7737837
507,"Lower Nob Hill, Union Square 809 Bush St San Francisco, CA 94108 ","Lower Nob Hill, Union Square, 809 Bush St, San Francisco, CA 94108",-122.4107015,37.7898057
508,"Inner Richmond 3854 Geary Blvd San Francisco, CA 94118 ","Inner Richmond, 3854 Geary Blvd, San Francisco, CA 94118",-122.4609365,37.7813812
509,"Marina/Cow Hollow 1449 Lombard St San Francisco, CA 94123 ","Marina/Cow Hollow, 1449 Lombard St, San Francisco, CA 94123",-122.425442,37.8009201
510,"Parkside 733 Taraval St San Francisco, CA 94116 ","Parkside, 733 Taraval St, San Francisco, CA 94116",-122.4742001,37.7429093
511,"Fairgrounds 148 W Alma Ave San Jose, CA 95110 ","Fairgrounds, 148 W Alma Ave, San Jose, CA 95110",-121.853842,37.303261
512,"Downtown 1411 The Alameda San Jose, CA 95126 ","Downtown, 1411 The Alameda, San Jose, CA 95126",-121.91402,37.333233
513,"Santa Teresa 6177 Santa Teresa Blvd San Jose, CA 95123 ","Santa Teresa, 6177 Santa Teresa Blvd, San Jose, CA 95123",-121.8051457,37.23631
514,"Willow Glen 895 Willow St San Jose, CA 95125 ","Willow Glen, 895 Willow St, San Jose, CA 95125",-121.8970662,37.310484
515,"North San Jose 3350 Zanker Rd San Jose, CA 95134 ","North San Jose, 3350 Zanker Rd, San Jose, CA 95134",-121.9327918,37.403495
516,"1019 B St Hayward, CA 94541 ","1019 B St, Hayward, CA 94541",-122.0820357,37.6728175
517,"East Oakland 5395 Bancroft Ave Oakland, CA 94601 ","East Oakland, 5395 Bancroft Ave, Oakland, CA 94601",-122.2009466,37.7716226
518,"East Oakland Oakland, CA 94601 ","East Oakland, Oakland, CA 94601",-122.2316135,37.7811539
519,"2475 Castro Valley Blvd Castro Valley, CA 94546 ","2475 Castro Valley Blvd, Castro Valley, CA 94546",-122.0898915,37.6924016
520,"940 Commercial St San Carlos, CA 94070 ","940 Commercial St, San Carlos, CA 94070",-122.2523167,37.5055873
521,"1150 Paloma Ave Burlingame, CA 94010 ","1150 Paloma Ave, Burlingame, CA 94010",-122.3646392,37.585547
522,"570 S Norfolk St San Mateo, CA 94401 ","570 S Norfolk St, San Mateo, CA 94401",-122.3100582,37.5708416
523,"51 Millbrae Ave Millbrae, CA 94030 ","51 Millbrae Ave, Millbrae, CA 94030",-122.3878634,37.5980524
524,"3231 Macdonald Ave Richmond, CA 94804 ","3231 Macdonald Ave, Richmond, CA 94804",-122.3379203,37.9345548
525,"934 Diablo Ave Novato, CA 94945 ","934 Diablo Ave, Novato, CA 94945",-122.5707753,38.1019143
526,"335 San Anselmo Ave San Anselmo, CA 94960 ","335 San Anselmo Ave, San Anselmo, CA 94960",-122.5623481,37.9731997
527,"775 Redwood Hwy Frontage Rd Mill Valley, CA 94941 ","775 Redwood Hwy Frontage Rd, Mill Valley, CA 94941",-122.5168983,37.8955745
528,"2167 Meeker Ave Richmond, CA 94804 ","2167 Meeker Ave, Richmond, CA 94804",-122.3482367,37.9204909
529,"7 E Anapamu St Santa Barbara, CA 93101 ","7 E Anapamu St, Santa Barbara, CA 93101",-119.7042915,34.4237781
530,"220 Gray Ave Santa Barbara, CA 93101","220 Gray Ave, Santa Barbara, CA 931",-119.6905232,34.4163545
531,"5392 Hollister Ave Goleta, CA 93111 ","5392 Hollister Ave, Goleta, CA 93111",-119.812315,34.4353633
532,"5231 Stevens Creek Blvd Santa Clara, CA 95051 ","5231 Stevens Creek Blvd, Santa Clara, CA 95051",-121.9943929,37.3239976
533,"North San Jose 3205 Edward Ave Santa Clara, CA 95054 ","North San Jose, 3205 Edward Ave, Santa Clara, CA 95054",-121.9394449,37.3829398
534,"155 E Maude Ave Sunnyvale, CA 94085 ","155 E Maude Ave, Sunnyvale, CA 94085",-122.0251861,37.3881925
535,"Willow Glen 1580 Hamilton Ave San Jose, CA 95125 ","Willow Glen, 1580 Hamilton Ave, San Jose, CA 95125",-121.9129757,37.2933575
536,"373 E Campbell Ave Campbell, CA 95008 ","373 E Campbell Ave, Campbell, CA 95008",-121.9432474,37.2871618
537,"1148 Soquel Ave Santa Cruz, CA 95062 ","1148 Soquel Ave, Santa Cruz, CA 95062",-122.010486,36.9795688
538,"2415 Mission St Santa Cruz, CA 95060 ","2415 Mission St, Santa Cruz, CA 95060",-122.0484641,36.9606563
539,"1851 St Michaels Dr Santa Fe, NM 87505 ","1851 St Michaels Dr, Santa Fe, NM 87505",-105.9708369,35.6596837
540,"8376 Cerrillos Rd Santa Fe, NM 87507 ","8376 Cerrillos Rd, Santa Fe, NM 87507",-106.0321529,35.6124184
541,"132 W Water St Santa Fe, NM 87501 ","132 W Water St, Santa Fe, NM 87501",-105.9405899,35.6865791
542,"Mar Vista 3760 S Centinela Ave Los Angeles, CA 90066 ","Mar Vista, 3760 S Centinela Ave, Los Angeles, CA 90066",-118.4334459,34.0048774
543,"Venice 68 N Venice Blvd Venice, CA 90291 ","Venice, 68 N Venice Blvd, Venice, CA 90291",-118.4701805,33.9847924
544,"606 Broadway Santa Monica, CA 90401 ","606 Broadway, Santa Monica, CA 90401",-118.4911729,34.0166469
545,"2424 Pico Blvd Santa Monica, CA 90405 ","2424 Pico Blvd, Santa Monica, CA 90405",-118.4635535,34.0224243
546,"2200 Colorado Ave Santa Monica, CA 90404 ","2200 Colorado Ave, Santa Monica, CA 90404",-118.4751736,34.0268613
547,Serving San Bruno and the Surrounding Area ,Serving San Bruno and the Surrounding Area,-122.4117606,37.6208524
548,"521 Adams St Santa Rosa, CA 95401 ","521 Adams St, Santa Rosa, CA 95401",-122.7231932,38.4388904
549,"791 Montecito Ctr Santa Rosa, CA 95409 ","791 Montecito Ctr, Santa Rosa, CA 95409",-122.6725543,38.4750849
550,"100 Brown St Sebastopol, CA 95472 ","100 Brown St, Sebastopol, CA 95472",-122.8225178,38.4025376
551,"1 Blackfield Dr Tiburon, CA 94920 ","1 Blackfield Dr, Tiburon, CA 94920",-122.5000997,37.8989834
552,"606 Abercorn St Savannah, GA 31401 ","606 Abercorn St, Savannah, GA 31401",-81.0932961,32.0683213
553,"7084 Hodgson Memorial Dr Savannah, GA 31406 ","7084 Hodgson Memorial Dr, Savannah, GA 31406",-81.108596,32.0091533
554,"246 W Broughton St Savannah, GA 31401 ","246 W Broughton St, Savannah, GA 31401",-81.0951041,32.0800321
555,"601 Martin Luther King Jr Blvd Savannah, GA 31401 ","601 Martin Luther King Jr Blvd, Savannah, GA 31401",-81.10129,32.0709362
556,"55 E Irving Park Rd Roselle, IL 60172 ","55 E Irving Park Rd, Roselle, IL 60172",-88.0780744,41.9839571
557,"5N105 Illinois 53 Itasca, IL 60143 ","5N105 Illinois 53, Itasca, IL 60143",-88.0311499,41.950829
558,"800 S Il Route 59 Bartlett, IL 60103 ","800 S Il Route 59, Bartlett, IL 60103",-88.2072098,41.9781227
559,"142 E Lake St Bloomingdale, IL 60108 ","142 E Lake St, Bloomingdale, IL 60108",-88.0774632,41.9559166
560,"225 W Golf Rd Schaumburg, IL 60195 ","225 W Golf Rd, Schaumburg, IL 60195",-88.0848898,42.0478198
561,"7120 E Becker Ln Scottsdale, AZ 85254 ","7120 E Becker Ln, Scottsdale, AZ 85254",-111.9273537,33.583195
562,"7366 E Shea Blvd Scottsdale, AZ 85260 ","7366 E Shea Blvd, Scottsdale, AZ 85260",-111.9222481,33.5841397
563,"14884 North Pima Rd Scottsdale, AZ 85260 ","14884 North Pima Rd, Scottsdale, AZ 85260",-111.8922234,33.6198065
564,"First Hill 1201 10th Ave Seattle, WA 98122 ","First Hill, 1201 10th Ave, Seattle, WA 98122",-122.3196346,47.6123142
565,Magnolia Located in Elliott Bay Marina ,"Magnolia, Located in Elliott Bay Marina",-122.3914679,47.6303245
566,Belltown Located in Belltown Court Condos ,"Belltown, Located in Belltown Court Condos",-122.3475339,47.6148461
567,"Alki 2800 Alki Ave SW Seattle, WA 98116 ","Alki, 2800 Alki Ave SW, Seattle, WA 98116",-122.4122488,47.5784432
568,"Junction, Fairmount Park 4752 California Ave SW Seattle, WA 98116 ","Junction, Fairmount Park, 4752 California Ave SW, Seattle, WA 98116",-122.38654,47.5595046
569,"Edgewater 6120 N Broadway St Chicago, IL 60660 ","Edgewater, 6120 N Broadway St, Chicago, IL 60660",-87.6606035,41.9929784
570,"2132 Waukegan Rd Glenview, IL 60025 ","2132 Waukegan Rd, Glenview, IL 60025",-87.7982924,42.093505
571,"5300 Old Orchard Rd Skokie, IL 60077 ","5300 Old Orchard Rd, Skokie, IL 60077",-87.7608037,42.0639846
572,"650 N Northwest Hwy Park Ridge, IL 60068 ","650 N Northwest Hwy, Park Ridge, IL 60068",-87.843055,42.0189499
573,"West Rogers Park 3100 W Devon Ave Chicago, IL 60659 ","West Rogers Park, 3100 W Devon Ave, Chicago, IL 60659",-87.7071716,41.9977464
574,"321 Boston Ave Medford, MA 02155 ","321 Boston Ave, Medford, MA 02155",-71.122674,42.411848
575,"Downtown 26 Temple Pl Boston, MA 02111 ","Downtown, 26 Temple Pl, Boston, MA 02111",-71.0620905,42.3553891
576,"257 Washington St Somerville, MA 02143 ","257 Washington St, Somerville, MA 02143",-71.0969272,42.3797425
577,"South Boston 28 W Broadway Boston, MA 02127 ","South Boston, 28 W Broadway, Boston, MA 02127",-71.0566663,42.3425557
578,"Teele Square 1159 Broadway Somerville, MA 02144 ","Teele Square, 1159 Broadway, Somerville, MA 02144",-71.127605,42.4034539
579,"3160 US Hwy 50 South Lake Tahoe, CA 96150 ","3160 US Hwy 50, South Lake Tahoe, CA 96150",-120.0202663,38.8527229
580,"900 Ski Run Blvd South Lake Tahoe, CA 96150 ","900 Ski Run Blvd, South Lake Tahoe, CA 96150",-119.9592777,38.9494404
581,"1009 N Wilson Way Stockton, CA 95205 ","1009 N Wilson Way, Stockton, CA 95205",-121.2746625,37.965955
582,"501 N Lincoln Ctr Stockton, CA 95207 ","501 N Lincoln Ctr, Stockton, CA 95207",-121.3239155,38.0117921
583,"123 Lincoln Ctr Stockton, CA 95207 ","123 Lincoln Ctr, Stockton, CA 95207",-121.3221894,38.0111307
584,"4663 Pacific Ave Stockton, CA 95207 ","4663 Pacific Ave, Stockton, CA 95207",-121.3127533,37.9905184
585,"Wilshire Center, Koreatown 3450 W 6th St Los Angeles, CA 90020 ","Wilshire Center, Koreatown, 3450 W 6th St, Los Angeles, CA 90020",-118.2971969,34.0631859
586,"Studio City 11943 Ventura Blvd Studio City, CA 91604 ","Studio City, 11943 Ventura Blvd, Studio City, CA 91604",-118.3919406,34.1436294
587,"Sherman Oaks 15013 Ventura Blvd Los Angeles, CA 91403 ","Sherman Oaks, 15013 Ventura Blvd, Los Angeles, CA 91403",-118.4601431,34.1530235
588,"Sherman Oaks 14622 Ventura Blvd Sherman Oaks, CA 91403 ","Sherman Oaks, 14622 Ventura Blvd, Sherman Oaks, CA 91403",-118.451789,34.151253
589,"Burbank 161 E Orange Grove Ave Burbank, CA 91502 ","Burbank, 161 E Orange Grove Ave, Burbank, CA 91502",-118.310332,34.181197
590,"2080 W El Camino Real Mountain View, CA 94040 ","2080 W El Camino Real, Mountain View, CA 94040",-122.1007645,37.3957552
591,"1401 N Shoreline Blvd Mountain View, CA 94043 ","1401 N Shoreline Blvd, Mountain View, CA 94043",-122.0772642,37.414434
592,"10815 N Wolfe Rd Cupertino, CA 95014 ","10815 N Wolfe Rd, Cupertino, CA 95014",-122.0147053,37.3354958
593,"383 Castro St Mountain View, CA 94041 ","383 Castro St, Mountain View, CA 94041",-122.0800827,37.3913986
594,"2074 Vallco Fashion Park Cupertino, CA 95014 ","2074 Vallco Fashion Park, Cupertino, CA 95014",-122.013887,37.327494
595,"202 N Dale Mabry Hwy Tampa, FL 33609 ","202 N Dale Mabry Hwy, Tampa, FL 33609",-82.5061077,27.9460281
596,Located in Armature Works ,"Armature Works, Tampa, FL",-82.4639948,27.9612536
597,"Ybor City 1930 E 7th Ave Tampa, FL 33605 ","Ybor City, 1930 E 7th Ave, Tampa, FL 33605",-82.4369864,27.9604787
598,"Channelside 615 Channelside Dr Tampa, FL 33602 ","Channelside, 615 Channelside Dr, Tampa, FL 33602",-82.447316,27.942856
599,International Located in International Plaza and Bay Street ,"International, Located in International Plaza and Bay Street",-82.520862,27.9646334
600,"3134 S Mill Ave Tempe, AZ 85282 ","3134 S Mill Ave, Tempe, AZ 85282",-111.940859,33.394886
601,"2740 S Alma School Rd Mesa, AZ 85210 ","2740 S Alma School Rd, Mesa, AZ 85210",-111.8607012,33.3652497
602,"3401 E Wood St Phoenix, AZ 85040 ","3401 E Wood St, Phoenix, AZ 85040",-112.00828,33.408958
603,"6000 E Camelback Rd Scottsdale, AZ 85251 ","6000 E Camelback Rd, Scottsdale, AZ 85251",-111.948523,33.5064522
604,"333 N Central Ave Phoenix, AZ 85004 ","333 N Central Ave, Phoenix, AZ 85004",-112.073067,33.4517282
605,"Harbor Gateway 1631 W Carson St Torrance, CA 90501 ","Harbor Gateway, 1631 W Carson St, Torrance, CA 90501",-118.3075396,33.8317037
606,"2301 Rosecrans Ave El Segundo, CA 90245 ","2301 Rosecrans Ave, El Segundo, CA 90245",-118.38258,33.9027823
607,"1555 W Willow St Long Beach, CA 90810 ","1555 W Willow St, Long Beach, CA 90810",-118.213509,33.8045907
608,"San Pedro 28150 S Western Ave San Pedro, CA 90732 ","San Pedro, 28150 S Western Ave, San Pedro, CA 90732",-118.3112426,33.7636856
609,"3215 Carson St Lakewood, CA 90712 ","3215 Carson St, Lakewood, CA 90712",-118.1555793,33.8327196
610,"Sewell 5601 E Broadway Blvd Tucson, AZ 85711 ","Sewell, 5601 E Broadway Blvd, Tucson, AZ 85711",-110.8729019,32.2220299
611,"St Cyrils 4774 E Grant Rd Tucson, AZ 85712 ","St Cyrils, 4774 E Grant Rd, Tucson, AZ 85712",-110.8918288,32.2438222
612,"Campbell-Grant 2574 N Campbell Ave Tucson, AZ 85719 ","Campbell-Grant, 2574 N Campbell Ave, Tucson, AZ 85719",-110.9436316,32.2537789
613,"Sam Hughes 2707 E Broadway Blvd Tucson, AZ 85716 ","Sam Hughes, 2707 E Broadway Blvd, Tucson, AZ 85716",-110.9320475,32.221852
614,"6761 E Tanque Verde Rd Tucson, AZ 85715 ","6761 E Tanque Verde Rd, Tucson, AZ 85715",-110.8481673,32.2499028
615,"39407 Fremont Blvd Fremont, CA 94538 ","39407 Fremont Blvd, Fremont, CA 94538",-121.982518,37.54542
616,"32216 Dyer St Union City, CA 94587 ","32216 Dyer St, Union City, CA 94587",-122.080862,37.57777
617,"579 Floresta Blvd San Leandro, CA 94578 ","579 Floresta Blvd, San Leandro, CA 94578",-122.1441029,37.7015609
618,"2660 Broadway St Redwood City, CA 94063 ","2660 Broadway St, Redwood City, CA 94063",-122.23194,37.486345
619,"2285 W Tennyson Rd Hayward, CA 94545 ","2285 W Tennyson Rd, Hayward, CA 94545",-122.0958607,37.6315319
620,"2901 Ocean Park Blvd Santa Monica, CA 90405 ","2901 Ocean Park Blvd, Santa Monica, CA 90405",-118.4546141,34.0201137
621,"Del Rey 4700 Inglewood Ave Los Angeles, CA 90230 ","Del Rey, 4700 Inglewood Ave, Los Angeles, CA 90230",-118.41456,33.9939467
622,"Culver City 6000 Sepulveda Blvd Culver City, CA 90230 ","Culver City, 6000 Sepulveda Blvd, Culver City, CA 90230",-118.395087,33.9854088
623,"Venice 205 Ocean Front Walk Venice, CA 90291 ","Venice, 205 Ocean Front Walk, Venice, CA 90291",-118.4806686,33.9951669
624,"Venice 3100 Washington Blvd Venice, CA 90291 ","Venice, 3100 Washington Blvd, Venice, CA 90291",-118.4498652,33.9896445
625,"1542 Newell Ave Walnut Creek, CA 94596 ","1542 Newell Ave, Walnut Creek, CA 94596",-122.0596623,37.8933652
626,"3141 Crow Canyon Rd San Ramon, CA 94583 ","3141 Crow Canyon Rd, San Ramon, CA 94583",-121.9668885,37.7804157
627,"14 Canyon Lake Dr Port Costa, CA 94569 ","14 Canyon Lake Dr, Port Costa, CA 94569",-122.1838528,38.0464606
628,"1500 Monument Blvd Oakley, CA 94561 ","1500 Monument Blvd, Oakley, CA 94561",-121.7328019,37.9238713
629,"2865 Ygnacio Valley Rd Walnut Creek, CA 94598 ","2865 Ygnacio Valley Rd, Walnut Creek, CA 94598",-122.0168204,37.9255843
630,"1308 G St NW Washington, DC 20005 ","1308 G St NW, Washington, DC 20005",-77.0304047,38.8980755
631,"Capitol Hill 501 8th St SE Washington, DC 20003 ","Capitol Hill, 501 8th St SE, Washington, DC 20003",-76.9953071,38.8825735
632,"5331 Baltimore Ave Hyattsville, MD 20781 ","5331 Baltimore Ave, Hyattsville, MD 20781",-76.9400281,38.9549977
633,"651 Florida Ave NW Washington, DC 20001 ","651 Florida Ave NW, Washington, DC 20001",-77.021677,38.9163391
634,"Columbia Heights 1424 Park Rd NW Washington, DC 20010 ","Columbia Heights, 1424 Park Rd NW, Washington, DC 20010",-77.0337114,38.9304401
635,"903 N La Cienega Blvd West Hollywood, CA 90069 ","903 N La Cienega Blvd, West Hollywood, CA 90069",-118.3767082,34.0871316
636,"Toluca Lake 10151 Riverside Dr Toluca Lake, CA 91602 ","Toluca Lake, 10151 Riverside Dr, Toluca Lake, CA 91602",-118.352416,34.152526
637,"Mid-Wilshire 1048 S La Brea Ave Los Angeles, CA 90019 ","Mid-Wilshire, 1048 S La Brea Ave, Los Angeles, CA 90019",-118.3449031,34.0565154
638,"Koreatown 3525 W 3rd St Los Angeles, CA 90020 ","Koreatown, 3525 W 3rd St, Los Angeles, CA 90020",-118.2923836,34.0692902
639,"Hollywood 7300 W Sunset Blvd Los Angeles, CA 90046 ","Hollywood, 7300 W Sunset Blvd, Los Angeles, CA 90046",-118.3500364,34.0980128
640,"9071 Santa Monica Blvd West Hollywood, CA 90069 ","9071 Santa Monica Blvd, West Hollywood, CA 90069",-118.389098,34.0817832
641,"Culver City 3835 Main St Culver City, CA 90232 ","Culver City, 3835 Main St, Culver City, CA 90232",-118.3947894,34.0246772
642,"West Los Angeles 2321 Westwood Blvd Los Angeles, CA 90064 ","West Los Angeles, 2321 Westwood Blvd, Los Angeles, CA 90064",-118.4302855,34.041815
643,"West Los Angeles 11078 Santa Monica Blvd Los Angeles, CA 90025 ","West Los Angeles, 11078 Santa Monica Blvd, Los Angeles, CA 90025",-118.4435272,34.0474046
644,"Culver City 9400 Culver Blvd Culver City, CA 90232 ","Culver City, 9400 Culver Blvd, Culver City, CA 90232",-118.3941741,34.0238067
645,"724 Main St Susanville, CA 96130 ","724 Main St, Susanville, CA 96130",-120.6610172,40.4181416
646,"6528 Yount St Yountville, CA 94599 ","6528 Yount St, Yountville, CA 94599",-122.360313,38.40294
